id,type,claim,evidence,boundary
C01,boundary,Received facts alone cannot distinguish a complete prefix from the same prefix with a delayed fact under unbounded delay.,proofs/boundary_model_check.py; results/boundary_model_check.json,Requires the stated asynchronous-delay model.
C02,boundary,Payload equality alone cannot distinguish repeated presentation of one unit from two independently minted equal-payload units.,proofs/boundary_model_check.py; results/boundary_model_check.json,Does not prescribe a universal identity scheme.
C03,theorem,A raw witness holder set is safe against a declared failure family iff it is not contained in any allowed failure set.,proofs/boundary_model_check.py; results/boundary_model_check.json,Endpoints and allowed joint failures must be declared.
C04,corollary,"For all endpoint failure sets of cardinality at most f, f+1 independent durable holders are necessary and sufficient.",proofs/boundary_model_check.py; results/boundary_model_check.json,Not a count-only rule for correlated domains.
C05,lower bound,"Exact membership for arbitrary N-subsets of a U-identifier universe needs at least ceil(log2 binom(U,N)) state bits.",proofs/boundary_model_check.py; results/boundary_model_check.json,Probabilistic filters and external exact oracles are different designs.
C06,ablation,Omitting any one of the four identifier namespaces admits a replay witness in the abstract projection fence.,proofs/boundary_model_check.py; results/boundary_model_check.json,"This establishes necessity for the implemented exact fence, not all possible schemes."
C07,baseline,Unique-mint set counting is retained as the strong scalar-conservation baseline.,results/README.md,The contribution is not claimed to improve scalar summation.
C08,counterexample,Counting presentation occurrences admits amplification in the generated adversarial family.,claim_evidence_ledger.csv,"The bound is for the evaluated family, not all systems."
C13,extension,Compliant future-window extensions preserve old-window finality in the enumerated family.,claim_evidence_ledger.csv,Only extensions satisfying the stated namespace and seal conditions are covered.
C14,service,Service campaigns include common acceptance and common refusal cases.,claim_evidence_ledger.csv,Agreement is within the fixed honest-roster local experiment.
C19,scale,"The scale experiment uses a generated, validated configuration and reports descriptive decoder/checker measurements.",results/raw/scale.csv,Scale parameters are generated and timing is host-dependent.
C21,artifact,"The final offline audit validates result syntax, public-input digests, no nested archives/caches, and the no-network reproduction path.",scripts/reviewer_audit.py; results/reviewer_audit.json,Static no-network checks do not prove absence of every possible covert channel.
C22,dependencies,A syntactic import audit and environment record are regenerated by the reproduction command.,scripts/dependency_audit.py; results/dependency_audit.json; results/environment.json,Syntactic classification is not a full software-bill-of-materials resolver.
C23,references,"The bibliography exceeds 55 unique entries, every entry is cited, and duplicate titles/DOIs are rejected by the reference audit.",../paper/reference-audit.json; ../paper/REFERENCE-AUDIT.md,Reachability is not a guarantee that every publisher field can never change.
C24,scope,"Positive finality guarantees require a fixed honest roster, truthful seals, and eventual delivery after the final failure.",SCOPE-AND-THREAT-MODEL.md; ../paper/reviewer_appendix.tex,"No Byzantine, dynamic-membership, or permanent-partition liveness claim."
C25,readiness,The package is internally audited and technically reproducible within scope; external peer review and venue acceptance are not claimed.,ARTIFACT.md; ../CURRENT-STATE.md,"Human authors remain responsible for venue policy, novelty judgment, and submission."
