claim_id,claim,theorem_or_lemma,proof_or_checker,source_or_test,experiment,table_or_figure,raw_result_path,maturity_state,fresh_self_recheck_status,accepted_result,scope_condition
C02,Observed accounting facts alone cannot determine whether a delayed last fact exists.,Last-fact impossibility,proofs/claims.md §4; src/carat/closure.py,tests/test_closure.py,sealed-windows; completion-boundaries,Theorem 2; Table 3,results/raw/sealed_window_summary.json; results/raw/completion_boundary_matrix.csv,proved boundary plus exact paired worlds,primary and separate checker agree,identical mass-10 prefix is complete in one world and provisional in another,Unbounded delay; observer has no external completion witness
C03,At least and exactly f+1 distinct durable holders are required for one raw survivor after any f crash-stop failures.,Tight raw-retention threshold,proofs/claims.md §7; src/carat/retention.py,tests/test_retention.py,multiprocess-retention,Theorem 3; Table 10,results/raw/retention_crash_enumeration.csv; results/raw/multiprocess_retention_summary.json,proved threshold and process evidence,two-holder refusal and all 16 crash sets checked,f=2 uses three holders; all allowed crash sets retain a holder,Fixed membership; crash-stop only; durable pins
C04,Faithful exact origin intervals identify a complete self-contained batch.,Conditional fixed-roster window soundness,proofs/claims.md §5; src/carat/closure.py; src/carat/independent_check.py,tests/test_closure.py,sealed-windows,Theorem 4; Table 7,results/raw/sealed_window_enumeration.csv; results/raw/sealed_window_summary.json,conditional theorem with exhaustive five-origin instance,all 32 arrival vectors rechecked,exactly one of 32 arrival subsets finalizes,Fixed faithful roster; exact intervals; unique coordinates and IDs
C05,Admissible later-window extensions preserve earlier final mass and verdict.,Admissible-extension stability,proofs/claims.md §5,tests/test_closure.py,sealed-windows,Theorem 4; Table 7,results/raw/sealed_window_future_extensions.csv,conditional theorem and complete five-origin enumeration,all 32 future subsets rechecked,32/32 admissible future subsets preserve mass 15,Fresh identifiers and coordinates; self-contained later batches
C06,Finite complete-fact exchange converges after fair successful sweeps.,Conditional finite page convergence,proofs/claims.md §10; src/carat/paged.py,tests/test_boundaries.py,transport; service; multiprocess-retention,Sec. 2.3; Sec. 6.8,results/raw/page_enumeration.csv; results/raw/service_campaign.csv; results/raw/multiprocess_retention_summary.json,bounded convergence evidence,"324 enumerated cases, 12 service campaigns, and pagewise five-process relay rechecked",324/324 small page cases converge; service campaigns reach exact union; five processes converge in three rounds after two partitioned rounds and a pre-heal restart,Finite quiescent union; surviving copies; sufficient capacity; controller schedules but does not compute the union
C07,Coordinate-gap discovery can permanently hide retained facts.,Coordinate discovery counterexamples,proofs/claims.md §10; src/carat/boundaries.py,tests/test_protocol.py; tests/test_boundaries.py,transport; exhaustive,Sec. 6.8; Table 11,results/raw/transport_boundaries.csv; results/raw/exhaustive.csv,executed negative result,counterexamples remain in collector,six later facts starved; split occupancy hides alternatives,Negative result; no convergence claim for coordinate gaps
C08,Unique-mint counting is exact on the retained scalar corpus.,Unique-mint conservation,proofs/claims.md §3; src/carat/baselines.py,tests/test_boundaries.py,identity; manipulation,Table 6; manipulation figure,results/raw/identity_baseline.csv; results/raw/manipulation.csv,strongest-baseline null result,"1,120 rows rechecked","1,120/1,120 exact mass matches",Generated honest mint identities; invalid mutations preserve mint set
C09,Relation checking adds integrity refusal rather than a better scalar.,Conservation/integrity separation,proofs/claims.md §3; src/carat/decode.py,tests/test_accounting.py,identity; ambiguity,Table 6; Table 9,results/raw/identity_baseline.csv; results/raw/ambiguity.csv,bounded exact result,400 invalid histories and witnesses rechecked,400 integrity refusals; same diagnostic mass,Five injected families only
C10,Occurrence-based accounting is manipulable by repeated presentations.,Presentation amplification counterexample,proofs/claims.md §3; src/carat/experiments.py,tests/test_accounting.py,manipulation,Manipulation figure,results/raw/manipulation.csv,generated counterexample family,720 histories retained,maximum occurrence and presentation-mass ratio 17,Generated laws; not natural-frequency evidence
C11,Refusal witnesses are sound and inclusion-minimal for fixed implemented predicates.,Fixed-predicate witness minimality,proofs/claims.md §9; src/carat/independent_check.py,tests/test_accounting.py,ambiguity,Table 9,results/raw/ambiguity.csv; results/summary/ambiguity_summary.csv,proved for the fixed witness language and tested families,400/400 witnesses verified,maximum support three in these five families,Not globally minimum cardinality or arbitrary semantic explanation
C12,Every checked completion condition has a concrete failure when removed.,Certificate support irredundance,proofs/claims.md §6,tests/test_closure.py,completion-boundaries,Table 8,results/raw/completion_support_ablation.csv; results/raw/completion_boundary_matrix.csv,representation-relative lower layer,ten removals and six ablations rechecked,10/10 support removals refuse; 6/6 weakened predicates admit bad worlds,Not a universal optimal-encoding theorem
C13,A lying empty origin is indistinguishable from an honestly empty origin.,Observer-only Byzantine omission impossibility,proofs/claims.md §6,scripts/extended_checks.py,completion-boundaries,Sec. 3.4; Limitations,results/raw/completion_boundary_matrix.csv,proved negative boundary and paired worlds,two omission worlds retained,identical observer state; different hidden allocation,No cross-checking or external truth witness
C14,The five-process retention service preserves a raw witness through the tight crash case.,Executable f+1 sufficiency instance,proofs/claims.md §7; src/carat/multiprocess_service.py,tests/test_retention.py,multiprocess-retention,Table 10,results/raw/multiprocess_retention.csv; results/raw/multiprocess_retention_summary.json,bounded process experiment,"five processes/logs, partition/heal exchange, process restart, and raw export rechecked",pagewise sender-to-receiver relay converges in three rounds after two partitioned rounds and a pre-heal restart; two holders are then killed and the survivor exports 205 facts,Single host; controller schedules pages but never constructs the union; no Byzantine or disk-corruption claim
C15,A receipt issuer remains durably pinned across restart and certificate rotation.,Durable holder-pin invariant,proofs/claims.md §7; src/carat/multiprocess_service.py,tests/test_retention.py,multiprocess-retention,Sec. 4.3; Table 10,results/raw/multiprocess_retention_summary.json,implemented invariant and regression,"alternate certificate refusal, incomplete-tail recovery, and malformed-complete-record fail-closed paths rechecked",surviving holder restart preserves pin; only an incomplete final receipt fragment is truncated,Synchronized process-crash storage semantics
C16,Projection preserves six aggregates and all four identifier namespaces.,Projection preservation,proofs/claims.md §8; src/carat/compaction.py,tests/test_compaction.py; tests/test_closure.py; tests/test_retention.py,compaction; compaction-boundaries,Proposition 1; Sec. 6.7,results/raw/compaction.csv; results/raw/compaction_boundaries.csv,conditional local transformation,"all identifier replay tests, later-live-batch projection, interrupted-summary tamper checks, and cross-summary overlap checks pass","largest case 503,178 to 74,079 bytes; 85.2778% reduction",Trusted summary; self-contained closed batch; not general GC
C17,Projected process state recovers with the same mass and rejects closed raw replay.,Projected restart/replay fence,proofs/claims.md §8; src/carat/multiprocess_service.py,tests/test_retention.py,multiprocess-retention,Table 10,results/raw/multiprocess_retention_summary.json,bounded process experiment,"restart, pending raw-deletion completion, seal-anchor validation, and replay refusal rechecked",projected restart mass 600; pending raw deletion completes; malformed projected state and replay are refused,Fixed batch and structural certificate
C18,Acknowledged ingress survives the tested whole-process termination.,Acknowledged process recovery,proofs/claims.md §10; src/carat/service.py,tests/test_boundaries.py,recovery,Sec. 6.8,results/raw/process_recovery.json,bounded durability experiment,clean recovery stage retained,46 acknowledged occurrences and 46-fact union preserved,Process kill after fsync; not power loss or disk corruption
C19,The public adapter is fail-closed on changed or unsupported input.,Public-input admission boundary,src/carat/public_pair.py; proofs/claims.md §11,tests/test_public_pair.py,public-pair,Sec. 5; Appendix A,results/raw/public_pair_adapter.csv; results/raw/public_pair_facts.json,exact licensed input evidence,six adapter decisions rechecked,declared pair admitted; four altered/unsupported cases refused,One fix/backport pair; static extraction
C20,"The local task graph produces concrete pass, fail, and skip effects without changing mass.",Executed build bridge,proofs/claims.md §11; src/carat/executable_build.py,scripts/extended_checks.py,executable-build,Sec. 6.7,results/raw/executable_build.csv; results/raw/executable_build_summary.json,bounded subprocess evidence,three scenarios and nine subprocesses rechecked,"7 pass, 2 fail, 3 skip; mass remains 15",Not upstream pytest or representative distributed build
C22,"The literature delta is a boundary characterization, not primitive novelty.",Closest-work calibration,proofs/literature_calibration.md,proofs/literature_calibration.csv,22-paper full-text calibration,Related Work,proofs/literature_calibration.csv,completed qualitative calibration,12 same-track + 5 high-visibility + 5 adjacent recorded,watermark/log/CRDT/BFT/build/repair novelty claims rejected,Claim-targeted full-text inspection; no independent replication
C23,All bibliography entries are unique and cited.,Bibliography audit,reference_audit.csv; scripts/audit_artifact.py,reference_audit.csv,citation audit,References,reference_audit.csv,document consistency property,78 audited keys; package-side citation check verifies no missing/uncited key or duplicate title/DOI,78 unique scholarly references are mapped to stable records and manuscript roles,Metadata and citation-surface audit; not endorsement of every cited result
C25,The positive result is limited to a fixed faithful crash-stop roster.,Scope theorem and counterexamples,proofs/claims.md §13; SCHEMA.md,results/raw/semantic_boundaries.csv,semantic-boundaries; completion-boundaries,Limitations; Conclusion,results/raw/semantic_boundaries.csv; results/raw/completion_boundary_matrix.csv,closed non-claim surface,negative fixtures retained,"cycles, opaque dependencies, fresh identical mint, forged summary, and lying origin remain possible","No authentication, Byzantine tolerance, dynamic membership, WAN, or human-merit claim"
