sample,repetition,variant,detected,all_witnesses_verified,witness_count,minimum_witness_size,maximum_witness_size,decode_ms
click-pathlike-edit,0,missing-transform-output,1,1,2,2,2,1.501687
click-pathlike-edit,0,conflicting-presentation,1,1,5,2,2,1.329768
click-pathlike-edit,0,unresolved-effect,1,1,1,2,2,1.302286
click-pathlike-edit,0,conflicting-event,1,1,2,2,2,1.263627
click-pathlike-edit,0,invalid-transform,1,1,2,3,3,1.390970
click-pathlike-edit,1,missing-transform-output,1,1,2,2,2,1.257388
click-pathlike-edit,1,conflicting-presentation,1,1,4,2,2,1.262145
click-pathlike-edit,1,unresolved-effect,1,1,1,2,2,1.248004
click-pathlike-edit,1,conflicting-event,1,1,2,2,2,1.251770
click-pathlike-edit,1,invalid-transform,1,1,2,3,3,1.285671
click-pathlike-edit,2,missing-transform-output,1,1,2,2,2,1.256517
click-pathlike-edit,2,conflicting-presentation,1,1,5,2,2,1.308586
click-pathlike-edit,2,unresolved-effect,1,1,1,2,2,1.225210
click-pathlike-edit,2,conflicting-event,1,1,2,2,2,1.284088
click-pathlike-edit,2,invalid-transform,1,1,2,3,3,1.259842
click-pathlike-edit,3,missing-transform-output,1,1,2,2,2,1.330559
click-pathlike-edit,3,conflicting-presentation,1,1,5,2,2,1.291189
click-pathlike-edit,3,unresolved-effect,1,1,1,2,2,1.319072
click-pathlike-edit,3,conflicting-event,1,1,2,2,2,1.535539
click-pathlike-edit,3,invalid-transform,1,1,2,3,3,1.343469
click-pathlike-edit,4,missing-transform-output,1,1,2,2,2,1.238661
click-pathlike-edit,4,conflicting-presentation,1,1,4,2,2,1.252350
click-pathlike-edit,4,unresolved-effect,1,1,1,2,2,1.351050
click-pathlike-edit,4,conflicting-event,1,1,2,2,2,1.285972
click-pathlike-edit,4,invalid-transform,1,1,2,3,3,1.288806
click-pathlike-edit,5,missing-transform-output,1,1,2,2,2,1.262667
click-pathlike-edit,5,conflicting-presentation,1,1,5,2,2,1.259552
click-pathlike-edit,5,unresolved-effect,1,1,1,2,2,1.281224
click-pathlike-edit,5,conflicting-event,1,1,2,2,2,1.639786
click-pathlike-edit,5,invalid-transform,1,1,2,3,3,1.242826
click-pathlike-edit,6,missing-transform-output,1,1,2,2,2,1.266411
click-pathlike-edit,6,conflicting-presentation,1,1,5,2,2,1.546014
click-pathlike-edit,6,unresolved-effect,1,1,1,2,2,1.251109
click-pathlike-edit,6,conflicting-event,1,1,2,2,2,1.285010
click-pathlike-edit,6,invalid-transform,1,1,2,3,3,1.242616
click-pathlike-edit,7,missing-transform-output,1,1,2,2,2,1.352432
click-pathlike-edit,7,conflicting-presentation,1,1,5,2,2,1.298861
click-pathlike-edit,7,unresolved-effect,1,1,1,2,2,1.658684
click-pathlike-edit,7,conflicting-event,1,1,2,2,2,1.391551
click-pathlike-edit,7,invalid-transform,1,1,2,3,3,1.324429
click-pathlike-edit,8,missing-transform-output,1,1,2,2,2,1.282296
click-pathlike-edit,8,conflicting-presentation,1,1,5,2,2,1.279061
click-pathlike-edit,8,unresolved-effect,1,1,1,2,2,1.464551
click-pathlike-edit,8,conflicting-event,1,1,2,2,2,1.304830
click-pathlike-edit,8,invalid-transform,1,1,2,3,3,1.305671
click-pathlike-edit,9,missing-transform-output,1,1,2,2,2,1.268044
click-pathlike-edit,9,conflicting-presentation,1,1,4,2,2,1.294405
click-pathlike-edit,9,unresolved-effect,1,1,1,2,2,1.266282
click-pathlike-edit,9,conflicting-event,1,1,2,2,2,1.486324
click-pathlike-edit,9,invalid-transform,1,1,2,3,3,1.310098
pytest-conftest-blocking,0,missing-transform-output,1,1,2,2,2,1.114112
pytest-conftest-blocking,0,conflicting-presentation,1,1,5,2,2,1.123486
pytest-conftest-blocking,0,unresolved-effect,1,1,1,2,2,1.087411
pytest-conftest-blocking,0,conflicting-event,1,1,2,2,2,1.503921
pytest-conftest-blocking,0,invalid-transform,1,1,2,3,3,1.098578
pytest-conftest-blocking,1,missing-transform-output,1,1,2,2,2,1.081182
pytest-conftest-blocking,1,conflicting-presentation,1,1,5,2,2,1.101803
pytest-conftest-blocking,1,unresolved-effect,1,1,1,2,2,1.077336
pytest-conftest-blocking,1,conflicting-event,1,1,2,2,2,1.089965
pytest-conftest-blocking,1,invalid-transform,1,1,2,3,3,1.116566
pytest-conftest-blocking,2,missing-transform-output,1,1,2,2,2,1.079320
pytest-conftest-blocking,2,conflicting-presentation,1,1,5,2,2,1.242176
pytest-conftest-blocking,2,unresolved-effect,1,1,1,2,2,1.114292
pytest-conftest-blocking,2,conflicting-event,1,1,2,2,2,1.123376
pytest-conftest-blocking,2,invalid-transform,1,1,2,3,3,1.078158
pytest-conftest-blocking,3,missing-transform-output,1,1,2,2,2,1.121093
pytest-conftest-blocking,3,conflicting-presentation,1,1,5,2,2,1.333223
pytest-conftest-blocking,3,unresolved-effect,1,1,1,2,2,1.183226
pytest-conftest-blocking,3,conflicting-event,1,1,2,2,2,1.178189
pytest-conftest-blocking,3,invalid-transform,1,1,2,3,3,1.165429
pytest-conftest-blocking,4,missing-transform-output,1,1,2,2,2,1.297198
pytest-conftest-blocking,4,conflicting-presentation,1,1,5,2,2,1.207343
pytest-conftest-blocking,4,unresolved-effect,1,1,1,2,2,1.117427
pytest-conftest-blocking,4,conflicting-event,1,1,2,2,2,1.095364
pytest-conftest-blocking,4,invalid-transform,1,1,2,3,3,1.076185
pytest-conftest-blocking,5,missing-transform-output,1,1,2,2,2,1.103166
pytest-conftest-blocking,5,conflicting-presentation,1,1,5,2,2,1.366683
pytest-conftest-blocking,5,unresolved-effect,1,1,1,2,2,1.084107
pytest-conftest-blocking,5,conflicting-event,1,1,2,2,2,1.102514
pytest-conftest-blocking,5,invalid-transform,1,1,2,3,3,1.084948
pytest-conftest-blocking,6,missing-transform-output,1,1,2,2,2,1.078799
pytest-conftest-blocking,6,conflicting-presentation,1,1,5,2,2,1.083295
pytest-conftest-blocking,6,unresolved-effect,1,1,1,2,2,1.155415
pytest-conftest-blocking,6,conflicting-event,1,1,2,2,2,1.118889
pytest-conftest-blocking,6,invalid-transform,1,1,2,3,3,1.115815
pytest-conftest-blocking,7,missing-transform-output,1,1,2,2,2,1.104167
pytest-conftest-blocking,7,conflicting-presentation,1,1,5,2,2,1.128063
pytest-conftest-blocking,7,unresolved-effect,1,1,1,2,2,1.105419
pytest-conftest-blocking,7,conflicting-event,1,1,2,2,2,1.092109
pytest-conftest-blocking,7,invalid-transform,1,1,2,3,3,1.079861
pytest-conftest-blocking,8,missing-transform-output,1,1,2,2,2,1.093201
pytest-conftest-blocking,8,conflicting-presentation,1,1,5,2,2,1.139410
pytest-conftest-blocking,8,unresolved-effect,1,1,1,2,2,1.070416
pytest-conftest-blocking,8,conflicting-event,1,1,2,2,2,1.108664
pytest-conftest-blocking,8,invalid-transform,1,1,2,3,3,1.270969
pytest-conftest-blocking,9,missing-transform-output,1,1,2,2,2,1.097857
pytest-conftest-blocking,9,conflicting-presentation,1,1,5,2,2,1.105199
pytest-conftest-blocking,9,unresolved-effect,1,1,1,2,2,1.197848
pytest-conftest-blocking,9,conflicting-event,1,1,2,2,2,1.105329
pytest-conftest-blocking,9,invalid-transform,1,1,2,3,3,1.106070
requests-pytest-compatibility,0,missing-transform-output,1,1,2,2,2,0.612705
requests-pytest-compatibility,0,conflicting-presentation,1,1,4,2,2,0.584883
requests-pytest-compatibility,0,unresolved-effect,1,1,1,2,2,0.615519
requests-pytest-compatibility,0,conflicting-event,1,1,2,2,2,0.599164
requests-pytest-compatibility,0,invalid-transform,1,1,2,3,3,0.582830
requests-pytest-compatibility,1,missing-transform-output,1,1,2,2,2,0.594507
requests-pytest-compatibility,1,conflicting-presentation,1,1,4,2,2,0.790473
requests-pytest-compatibility,1,unresolved-effect,1,1,1,2,2,0.615890
requests-pytest-compatibility,1,conflicting-event,1,1,2,2,2,0.612945
requests-pytest-compatibility,1,invalid-transform,1,1,2,3,3,1.328316
requests-pytest-compatibility,2,missing-transform-output,1,1,2,2,2,0.687067
requests-pytest-compatibility,2,conflicting-presentation,1,1,4,2,2,0.681529
requests-pytest-compatibility,2,unresolved-effect,1,1,1,2,2,0.673287
requests-pytest-compatibility,2,conflicting-event,1,1,2,2,2,0.673136
requests-pytest-compatibility,2,invalid-transform,1,1,2,3,3,0.651153
requests-pytest-compatibility,3,missing-transform-output,1,1,2,2,2,0.649501
requests-pytest-compatibility,3,conflicting-presentation,1,1,4,2,2,0.658093
requests-pytest-compatibility,3,unresolved-effect,1,1,1,2,2,0.633317
requests-pytest-compatibility,3,conflicting-event,1,1,2,2,2,0.660187
requests-pytest-compatibility,3,invalid-transform,1,1,2,3,3,0.674618
requests-pytest-compatibility,4,missing-transform-output,1,1,2,2,2,0.728369
requests-pytest-compatibility,4,conflicting-presentation,1,1,4,2,2,0.699125
requests-pytest-compatibility,4,unresolved-effect,1,1,1,2,2,0.658935
requests-pytest-compatibility,4,conflicting-event,1,1,2,2,2,0.665405
requests-pytest-compatibility,4,invalid-transform,1,1,2,3,3,0.678925
requests-pytest-compatibility,5,missing-transform-output,1,1,2,2,2,0.669521
requests-pytest-compatibility,5,conflicting-presentation,1,1,4,2,2,0.676231
requests-pytest-compatibility,5,unresolved-effect,1,1,1,2,2,0.749492
requests-pytest-compatibility,5,conflicting-event,1,1,2,2,2,0.671564
requests-pytest-compatibility,5,invalid-transform,1,1,2,3,3,0.654208
requests-pytest-compatibility,6,missing-transform-output,1,1,2,2,2,0.912187
requests-pytest-compatibility,6,conflicting-presentation,1,1,4,2,2,0.715049
requests-pytest-compatibility,6,unresolved-effect,1,1,1,2,2,0.678044
requests-pytest-compatibility,6,conflicting-event,1,1,2,2,2,0.674118
requests-pytest-compatibility,6,invalid-transform,1,1,2,3,3,0.659615
requests-pytest-compatibility,7,missing-transform-output,1,1,2,2,2,0.681449
requests-pytest-compatibility,7,conflicting-presentation,1,1,4,2,2,0.691725
requests-pytest-compatibility,7,unresolved-effect,1,1,1,2,2,0.651323
requests-pytest-compatibility,7,conflicting-event,1,1,2,2,2,0.653827
requests-pytest-compatibility,7,invalid-transform,1,1,2,3,3,0.675430
requests-pytest-compatibility,8,missing-transform-output,1,1,2,2,2,0.923294
requests-pytest-compatibility,8,conflicting-presentation,1,1,4,2,2,0.819497
requests-pytest-compatibility,8,unresolved-effect,1,1,1,2,2,0.660307
requests-pytest-compatibility,8,conflicting-event,1,1,2,2,2,0.664373
requests-pytest-compatibility,8,invalid-transform,1,1,2,3,3,0.678104
requests-pytest-compatibility,9,missing-transform-output,1,1,2,2,2,0.652325
requests-pytest-compatibility,9,conflicting-presentation,1,1,4,2,2,0.685655
requests-pytest-compatibility,9,unresolved-effect,1,1,1,2,2,0.650883
requests-pytest-compatibility,9,conflicting-event,1,1,2,2,2,0.762291
requests-pytest-compatibility,9,invalid-transform,1,1,2,3,3,0.755881
httpx-client-certificate-path,0,missing-transform-output,1,1,2,2,2,0.683191
httpx-client-certificate-path,0,conflicting-presentation,1,1,4,2,2,0.678835
httpx-client-certificate-path,0,unresolved-effect,1,1,1,2,2,0.647147
httpx-client-certificate-path,0,conflicting-event,1,1,2,2,2,0.662360
httpx-client-certificate-path,0,invalid-transform,1,1,2,3,3,0.676441
httpx-client-certificate-path,1,missing-transform-output,1,1,2,2,2,0.651443
httpx-client-certificate-path,1,conflicting-presentation,1,1,4,2,2,0.676752
httpx-client-certificate-path,1,unresolved-effect,1,1,1,2,2,0.680978
httpx-client-certificate-path,1,conflicting-event,1,1,2,2,2,1.030956
httpx-client-certificate-path,1,invalid-transform,1,1,2,3,3,0.671063
httpx-client-certificate-path,2,missing-transform-output,1,1,2,2,2,0.679015
httpx-client-certificate-path,2,conflicting-presentation,1,1,4,2,2,0.689391
httpx-client-certificate-path,2,unresolved-effect,1,1,1,2,2,0.660868
httpx-client-certificate-path,2,conflicting-event,1,1,2,2,2,0.664503
httpx-client-certificate-path,2,invalid-transform,1,1,2,3,3,0.651293
httpx-client-certificate-path,3,missing-transform-output,1,1,2,2,2,0.650833
httpx-client-certificate-path,3,conflicting-presentation,1,1,4,2,2,0.676281
httpx-client-certificate-path,3,unresolved-effect,1,1,1,2,2,1.119560
httpx-client-certificate-path,3,conflicting-event,1,1,2,2,2,0.668530
httpx-client-certificate-path,3,invalid-transform,1,1,2,3,3,0.751695
httpx-client-certificate-path,4,missing-transform-output,1,1,2,2,2,0.682982
httpx-client-certificate-path,4,conflicting-presentation,1,1,4,2,2,0.682881
httpx-client-certificate-path,4,unresolved-effect,1,1,1,2,2,0.649580
httpx-client-certificate-path,4,conflicting-event,1,1,2,2,2,0.659566
httpx-client-certificate-path,4,invalid-transform,1,1,2,3,3,0.645765
httpx-client-certificate-path,5,missing-transform-output,1,1,2,2,2,0.627818
httpx-client-certificate-path,5,conflicting-presentation,1,1,4,2,2,0.671193
httpx-client-certificate-path,5,unresolved-effect,1,1,1,2,2,0.668570
httpx-client-certificate-path,5,conflicting-event,1,1,2,2,2,0.651324
httpx-client-certificate-path,5,invalid-transform,1,1,2,3,3,0.657352
httpx-client-certificate-path,6,missing-transform-output,1,1,2,2,2,0.648529
httpx-client-certificate-path,6,conflicting-presentation,1,1,4,2,2,0.679166
httpx-client-certificate-path,6,unresolved-effect,1,1,1,2,2,0.651283
httpx-client-certificate-path,6,conflicting-event,1,1,2,2,2,0.668228
httpx-client-certificate-path,6,invalid-transform,1,1,2,3,3,0.650632
httpx-client-certificate-path,7,missing-transform-output,1,1,2,2,2,0.642139
httpx-client-certificate-path,7,conflicting-presentation,1,1,4,2,2,0.671734
httpx-client-certificate-path,7,unresolved-effect,1,1,1,2,2,0.706717
httpx-client-certificate-path,7,conflicting-event,1,1,2,2,2,0.675260
httpx-client-certificate-path,7,invalid-transform,1,1,2,3,3,0.663121
httpx-client-certificate-path,8,missing-transform-output,1,1,2,2,2,0.655920
httpx-client-certificate-path,8,conflicting-presentation,1,1,4,2,2,0.666236
httpx-client-certificate-path,8,unresolved-effect,1,1,1,2,2,0.651464
httpx-client-certificate-path,8,conflicting-event,1,1,2,2,2,0.660397
httpx-client-certificate-path,8,invalid-transform,1,1,2,3,3,0.654388
httpx-client-certificate-path,9,missing-transform-output,1,1,2,2,2,0.647758
httpx-client-certificate-path,9,conflicting-presentation,1,1,4,2,2,0.659345
httpx-client-certificate-path,9,unresolved-effect,1,1,1,2,2,0.652665
httpx-client-certificate-path,9,conflicting-event,1,1,2,2,2,0.662690
httpx-client-certificate-path,9,invalid-transform,1,1,2,3,3,0.627517
django-reverse-test-sequence,0,missing-transform-output,1,1,2,2,2,0.458652
django-reverse-test-sequence,0,conflicting-presentation,1,1,4,2,2,0.453965
django-reverse-test-sequence,0,unresolved-effect,1,1,1,2,2,0.442127
django-reverse-test-sequence,0,conflicting-event,1,1,2,2,2,0.461126
django-reverse-test-sequence,0,invalid-transform,1,1,2,3,3,0.458693
django-reverse-test-sequence,1,missing-transform-output,1,1,2,2,2,0.452213
django-reverse-test-sequence,1,conflicting-presentation,1,1,4,2,2,0.465793
django-reverse-test-sequence,1,unresolved-effect,1,1,1,2,2,0.448337
django-reverse-test-sequence,1,conflicting-event,1,1,2,2,2,0.454246
django-reverse-test-sequence,1,invalid-transform,1,1,2,3,3,0.437590
django-reverse-test-sequence,2,missing-transform-output,1,1,2,2,2,0.446825
django-reverse-test-sequence,2,conflicting-presentation,1,1,4,2,2,0.472283
django-reverse-test-sequence,2,unresolved-effect,1,1,1,2,2,0.444822
django-reverse-test-sequence,2,conflicting-event,1,1,2,2,2,0.471302
django-reverse-test-sequence,2,invalid-transform,1,1,2,3,3,0.447666
django-reverse-test-sequence,3,missing-transform-output,1,1,2,2,2,0.452043
django-reverse-test-sequence,3,conflicting-presentation,1,1,4,2,2,0.481037
django-reverse-test-sequence,3,unresolved-effect,1,1,1,2,2,0.483099
django-reverse-test-sequence,3,conflicting-event,1,1,2,2,2,0.479084
django-reverse-test-sequence,3,invalid-transform,1,1,2,3,3,0.440415
django-reverse-test-sequence,4,missing-transform-output,1,1,2,2,2,0.434556
django-reverse-test-sequence,4,conflicting-presentation,1,1,4,2,2,0.479865
django-reverse-test-sequence,4,unresolved-effect,1,1,1,2,2,0.453955
django-reverse-test-sequence,4,conflicting-event,1,1,2,2,2,0.463399
django-reverse-test-sequence,4,invalid-transform,1,1,2,3,3,0.917996
django-reverse-test-sequence,5,missing-transform-output,1,1,2,2,2,0.540325
django-reverse-test-sequence,5,conflicting-presentation,1,1,4,2,2,0.475197
django-reverse-test-sequence,5,unresolved-effect,1,1,1,2,2,0.476059
django-reverse-test-sequence,5,conflicting-event,1,1,2,2,2,0.460545
django-reverse-test-sequence,5,invalid-transform,1,1,2,3,3,0.473394
django-reverse-test-sequence,6,missing-transform-output,1,1,2,2,2,0.439994
django-reverse-test-sequence,6,conflicting-presentation,1,1,4,2,2,0.464741
django-reverse-test-sequence,6,unresolved-effect,1,1,1,2,2,0.448057
django-reverse-test-sequence,6,conflicting-event,1,1,2,2,2,0.565574
django-reverse-test-sequence,6,invalid-transform,1,1,2,3,3,0.519113
django-reverse-test-sequence,7,missing-transform-output,1,1,2,2,2,0.487116
django-reverse-test-sequence,7,conflicting-presentation,1,1,4,2,2,0.517982
django-reverse-test-sequence,7,unresolved-effect,1,1,1,2,2,0.462369
django-reverse-test-sequence,7,conflicting-event,1,1,2,2,2,0.470931
django-reverse-test-sequence,7,invalid-transform,1,1,2,3,3,0.461497
django-reverse-test-sequence,8,missing-transform-output,1,1,2,2,2,0.440175
django-reverse-test-sequence,8,conflicting-presentation,1,1,4,2,2,0.473375
django-reverse-test-sequence,8,unresolved-effect,1,1,1,2,2,0.458462
django-reverse-test-sequence,8,conflicting-event,1,1,2,2,2,0.472854
django-reverse-test-sequence,8,invalid-transform,1,1,2,3,3,0.462528
django-reverse-test-sequence,9,missing-transform-output,1,1,2,2,2,0.432593
django-reverse-test-sequence,9,conflicting-presentation,1,1,4,2,2,0.493195
django-reverse-test-sequence,9,unresolved-effect,1,1,1,2,2,0.579505
django-reverse-test-sequence,9,conflicting-event,1,1,2,2,2,0.530931
django-reverse-test-sequence,9,invalid-transform,1,1,2,3,3,0.457341
fastapi-metadata-typo,0,missing-transform-output,1,1,2,2,2,0.508427
fastapi-metadata-typo,0,conflicting-presentation,1,1,4,2,2,0.480556
fastapi-metadata-typo,0,unresolved-effect,1,1,1,2,2,0.448617
fastapi-metadata-typo,0,conflicting-event,1,1,2,2,2,0.489289
fastapi-metadata-typo,0,invalid-transform,1,1,2,3,3,0.471712
fastapi-metadata-typo,1,missing-transform-output,1,1,2,2,2,0.443490
fastapi-metadata-typo,1,conflicting-presentation,1,1,4,2,2,0.481827
fastapi-metadata-typo,1,unresolved-effect,1,1,1,2,2,0.523811
fastapi-metadata-typo,1,conflicting-event,1,1,2,2,2,0.502669
fastapi-metadata-typo,1,invalid-transform,1,1,2,3,3,0.484001
fastapi-metadata-typo,2,missing-transform-output,1,1,2,2,2,0.505613
fastapi-metadata-typo,2,conflicting-presentation,1,1,4,2,2,1.003054
fastapi-metadata-typo,2,unresolved-effect,1,1,1,2,2,0.470861
fastapi-metadata-typo,2,conflicting-event,1,1,2,2,2,0.753928
fastapi-metadata-typo,2,invalid-transform,1,1,2,3,3,0.460775
fastapi-metadata-typo,3,missing-transform-output,1,1,2,2,2,0.533005
fastapi-metadata-typo,3,conflicting-presentation,1,1,4,2,2,0.474015
fastapi-metadata-typo,3,unresolved-effect,1,1,1,2,2,0.578183
fastapi-metadata-typo,3,conflicting-event,1,1,2,2,2,0.479854
fastapi-metadata-typo,3,invalid-transform,1,1,2,3,3,0.479584
fastapi-metadata-typo,4,missing-transform-output,1,1,2,2,2,0.434566
fastapi-metadata-typo,4,conflicting-presentation,1,1,4,2,2,0.505843
fastapi-metadata-typo,4,unresolved-effect,1,1,1,2,2,0.480134
fastapi-metadata-typo,4,conflicting-event,1,1,2,2,2,0.499304
fastapi-metadata-typo,4,invalid-transform,1,1,2,3,3,0.484662
fastapi-metadata-typo,5,missing-transform-output,1,1,2,2,2,0.512003
fastapi-metadata-typo,5,conflicting-presentation,1,1,4,2,2,0.647808
fastapi-metadata-typo,5,unresolved-effect,1,1,1,2,2,0.464421
fastapi-metadata-typo,5,conflicting-event,1,1,2,2,2,0.455788
fastapi-metadata-typo,5,invalid-transform,1,1,2,3,3,0.457020
fastapi-metadata-typo,6,missing-transform-output,1,1,2,2,2,0.456029
fastapi-metadata-typo,6,conflicting-presentation,1,1,4,2,2,0.459714
fastapi-metadata-typo,6,unresolved-effect,1,1,1,2,2,0.472604
fastapi-metadata-typo,6,conflicting-event,1,1,2,2,2,0.471121
fastapi-metadata-typo,6,invalid-transform,1,1,2,3,3,0.437591
fastapi-metadata-typo,7,missing-transform-output,1,1,2,2,2,0.451531
fastapi-metadata-typo,7,conflicting-presentation,1,1,4,2,2,0.471322
fastapi-metadata-typo,7,unresolved-effect,1,1,1,2,2,0.455317
fastapi-metadata-typo,7,conflicting-event,1,1,2,2,2,0.503440
fastapi-metadata-typo,7,invalid-transform,1,1,2,3,3,0.446634
fastapi-metadata-typo,8,missing-transform-output,1,1,2,2,2,0.431371
fastapi-metadata-typo,8,conflicting-presentation,1,1,4,2,2,0.484791
fastapi-metadata-typo,8,unresolved-effect,1,1,1,2,2,0.448057
fastapi-metadata-typo,8,conflicting-event,1,1,2,2,2,0.446595
fastapi-metadata-typo,8,invalid-transform,1,1,2,3,3,0.475848
fastapi-metadata-typo,9,missing-transform-output,1,1,2,2,2,0.448427
fastapi-metadata-typo,9,conflicting-presentation,1,1,4,2,2,0.463310
fastapi-metadata-typo,9,unresolved-effect,1,1,1,2,2,0.460646
fastapi-metadata-typo,9,conflicting-event,1,1,2,2,2,0.459594
fastapi-metadata-typo,9,invalid-transform,1,1,2,3,3,0.581839
serde-json-buffered-reader,0,missing-transform-output,1,1,2,2,2,0.443560
serde-json-buffered-reader,0,conflicting-presentation,1,1,4,2,2,0.467185
serde-json-buffered-reader,0,unresolved-effect,1,1,1,2,2,0.439513
serde-json-buffered-reader,0,conflicting-event,1,1,2,2,2,0.454536
serde-json-buffered-reader,0,invalid-transform,1,1,2,3,3,0.450921
serde-json-buffered-reader,1,missing-transform-output,1,1,2,2,2,0.432333
serde-json-buffered-reader,1,conflicting-presentation,1,1,4,2,2,0.463880
serde-json-buffered-reader,1,unresolved-effect,1,1,1,2,2,0.435237
serde-json-buffered-reader,1,conflicting-event,1,1,2,2,2,0.446984
serde-json-buffered-reader,1,invalid-transform,1,1,2,3,3,0.441286
serde-json-buffered-reader,2,missing-transform-output,1,1,2,2,2,0.443169
serde-json-buffered-reader,2,conflicting-presentation,1,1,4,2,2,0.469499
serde-json-buffered-reader,2,unresolved-effect,1,1,1,2,2,0.447376
serde-json-buffered-reader,2,conflicting-event,1,1,2,2,2,0.470731
serde-json-buffered-reader,2,invalid-transform,1,1,2,3,3,0.438091
serde-json-buffered-reader,3,missing-transform-output,1,1,2,2,2,0.444751
serde-json-buffered-reader,3,conflicting-presentation,1,1,4,2,2,0.471793
serde-json-buffered-reader,3,unresolved-effect,1,1,1,2,2,0.473434
serde-json-buffered-reader,3,conflicting-event,1,1,2,2,2,0.471411
serde-json-buffered-reader,3,invalid-transform,1,1,2,3,3,0.454967
serde-json-buffered-reader,4,missing-transform-output,1,1,2,2,2,0.423570
serde-json-buffered-reader,4,conflicting-presentation,1,1,4,2,2,0.472654
serde-json-buffered-reader,4,unresolved-effect,1,1,1,2,2,0.451081
serde-json-buffered-reader,4,conflicting-event,1,1,2,2,2,0.449849
serde-json-buffered-reader,4,invalid-transform,1,1,2,3,3,0.459084
serde-json-buffered-reader,5,missing-transform-output,1,1,2,2,2,0.432463
serde-json-buffered-reader,5,conflicting-presentation,1,1,4,2,2,0.459323
serde-json-buffered-reader,5,unresolved-effect,1,1,1,2,2,0.553005
serde-json-buffered-reader,5,conflicting-event,1,1,2,2,2,0.466444
serde-json-buffered-reader,5,invalid-transform,1,1,2,3,3,0.506765
serde-json-buffered-reader,6,missing-transform-output,1,1,2,2,2,0.439523
serde-json-buffered-reader,6,conflicting-presentation,1,1,4,2,2,0.468397
serde-json-buffered-reader,6,unresolved-effect,1,1,1,2,2,0.443960
serde-json-buffered-reader,6,conflicting-event,1,1,2,2,2,0.451521
serde-json-buffered-reader,6,invalid-transform,1,1,2,3,3,0.454856
serde-json-buffered-reader,7,missing-transform-output,1,1,2,2,2,0.467607
serde-json-buffered-reader,7,conflicting-presentation,1,1,4,2,2,0.462738
serde-json-buffered-reader,7,unresolved-effect,1,1,1,2,2,0.444401
serde-json-buffered-reader,7,conflicting-event,1,1,2,2,2,0.476089
serde-json-buffered-reader,7,invalid-transform,1,1,2,3,3,0.446604
serde-json-buffered-reader,8,missing-transform-output,1,1,2,2,2,0.485804
serde-json-buffered-reader,8,conflicting-presentation,1,1,4,2,2,0.482889
serde-json-buffered-reader,8,unresolved-effect,1,1,1,2,2,0.435477
serde-json-buffered-reader,8,conflicting-event,1,1,2,2,2,0.465723
serde-json-buffered-reader,8,invalid-transform,1,1,2,3,3,0.439444
serde-json-buffered-reader,9,missing-transform-output,1,1,2,2,2,0.452603
serde-json-buffered-reader,9,conflicting-presentation,1,1,4,2,2,0.474156
serde-json-buffered-reader,9,unresolved-effect,1,1,1,2,2,0.452153
serde-json-buffered-reader,9,conflicting-event,1,1,2,2,2,0.464852
serde-json-buffered-reader,9,invalid-transform,1,1,2,3,3,0.440606
ripgrep-json-statistics,0,missing-transform-output,1,1,2,2,2,0.664884
ripgrep-json-statistics,0,conflicting-presentation,1,1,4,2,2,0.735461
ripgrep-json-statistics,0,unresolved-effect,1,1,1,2,2,0.657803
ripgrep-json-statistics,0,conflicting-event,1,1,2,2,2,0.665114
ripgrep-json-statistics,0,invalid-transform,1,1,2,3,3,0.650302
ripgrep-json-statistics,1,missing-transform-output,1,1,2,2,2,0.646666
ripgrep-json-statistics,1,conflicting-presentation,1,1,4,2,2,0.685786
ripgrep-json-statistics,1,unresolved-effect,1,1,1,2,2,0.645445
ripgrep-json-statistics,1,conflicting-event,1,1,2,2,2,0.669922
ripgrep-json-statistics,1,invalid-transform,1,1,2,3,3,0.632214
ripgrep-json-statistics,2,missing-transform-output,1,1,2,2,2,0.663451
ripgrep-json-statistics,2,conflicting-presentation,1,1,4,2,2,0.671794
ripgrep-json-statistics,2,unresolved-effect,1,1,1,2,2,0.656381
ripgrep-json-statistics,2,conflicting-event,1,1,2,2,2,0.648969
ripgrep-json-statistics,2,invalid-transform,1,1,2,3,3,0.671224
ripgrep-json-statistics,3,missing-transform-output,1,1,2,2,2,0.647828
ripgrep-json-statistics,3,conflicting-presentation,1,1,4,2,2,0.693898
ripgrep-json-statistics,3,unresolved-effect,1,1,1,2,2,0.650282
ripgrep-json-statistics,3,conflicting-event,1,1,2,2,2,0.687278
ripgrep-json-statistics,3,invalid-transform,1,1,2,3,3,0.661018
ripgrep-json-statistics,4,missing-transform-output,1,1,2,2,2,0.667487
ripgrep-json-statistics,4,conflicting-presentation,1,1,4,2,2,0.672535
ripgrep-json-statistics,4,unresolved-effect,1,1,1,2,2,0.660718
ripgrep-json-statistics,4,conflicting-event,1,1,2,2,2,0.664464
ripgrep-json-statistics,4,invalid-transform,1,1,2,3,3,0.654288
ripgrep-json-statistics,5,missing-transform-output,1,1,2,2,2,0.647027
ripgrep-json-statistics,5,conflicting-presentation,1,1,4,2,2,0.663312
ripgrep-json-statistics,5,unresolved-effect,1,1,1,2,2,0.638033
ripgrep-json-statistics,5,conflicting-event,1,1,2,2,2,0.659776
ripgrep-json-statistics,5,invalid-transform,1,1,2,3,3,0.641218
ripgrep-json-statistics,6,missing-transform-output,1,1,2,2,2,0.638173
ripgrep-json-statistics,6,conflicting-presentation,1,1,4,2,2,0.672285
ripgrep-json-statistics,6,unresolved-effect,1,1,1,2,2,0.672526
ripgrep-json-statistics,6,conflicting-event,1,1,2,2,2,0.646526
ripgrep-json-statistics,6,invalid-transform,1,1,2,3,3,0.653697
ripgrep-json-statistics,7,missing-transform-output,1,1,2,2,2,0.653006
ripgrep-json-statistics,7,conflicting-presentation,1,1,4,2,2,0.664413
ripgrep-json-statistics,7,unresolved-effect,1,1,1,2,2,0.655830
ripgrep-json-statistics,7,conflicting-event,1,1,2,2,2,0.675199
ripgrep-json-statistics,7,invalid-transform,1,1,2,3,3,0.765326
ripgrep-json-statistics,8,missing-transform-output,1,1,2,2,2,0.661769
ripgrep-json-statistics,8,conflicting-presentation,1,1,4,2,2,0.790043
ripgrep-json-statistics,8,unresolved-effect,1,1,1,2,2,0.699185
ripgrep-json-statistics,8,conflicting-event,1,1,2,2,2,0.696792
ripgrep-json-statistics,8,invalid-transform,1,1,2,3,3,0.690683
ripgrep-json-statistics,9,missing-transform-output,1,1,2,2,2,0.684654
ripgrep-json-statistics,9,conflicting-presentation,1,1,4,2,2,0.727859
ripgrep-json-statistics,9,unresolved-effect,1,1,1,2,2,0.665665
ripgrep-json-statistics,9,conflicting-event,1,1,2,2,2,0.685535
ripgrep-json-statistics,9,invalid-transform,1,1,2,3,3,0.675941
