sample,repetition,fault,facts,converged,determined,checker_accepted,mass_spread,mass_error,rounds,messages_sent,summary_messages_sent,fact_messages_sent,summary_messages_delivered,fact_messages_delivered,bytes_sent,summary_bytes,duplicate_deliveries,dropped_messages,arrival_order_branch_spread,elapsed_ms
click-pathlike-edit,0,clean,67,1,1,1,0,0,5,100,60,40,60,40,200420,6640,1072,0,1,18.211804
click-pathlike-edit,0,partition,67,1,1,1,0,0,17,204,156,48,156,48,200420,20836,1072,0,1,20.552007
click-pathlike-edit,0,delay-reorder,67,1,1,1,0,0,25,595,460,135,460,135,602727,88444,3768,0,6,57.291531
click-pathlike-edit,0,duplicate-loss,67,1,1,1,0,0,25,767,599,168,466,133,619813,117770,3143,168,3,51.705748
click-pathlike-edit,0,combined,67,1,1,1,0,0,29,581,395,186,343,152,633689,61495,3343,86,3,50.056759
click-pathlike-edit,1,clean,81,1,1,1,0,0,5,100,60,40,60,40,246000,6640,1296,0,0,22.913912
click-pathlike-edit,1,partition,81,1,1,1,0,0,17,204,156,48,156,48,246000,20836,1296,0,0,24.532967
click-pathlike-edit,1,delay-reorder,81,1,1,1,0,0,25,599,460,139,460,139,749066,87316,4599,0,1,72.813565
click-pathlike-edit,1,duplicate-loss,81,1,1,1,0,0,25,756,613,143,479,106,752358,123941,3406,171,4,57.905779
click-pathlike-edit,1,combined,81,1,1,1,0,0,30,597,408,189,342,143,728227,66067,3299,112,1,52.529713
click-pathlike-edit,2,clean,72,1,1,1,0,0,5,100,60,40,60,40,216400,6640,1152,0,8,20.045732
click-pathlike-edit,2,partition,72,1,1,1,0,0,17,204,156,48,156,48,216400,20836,1152,0,8,22.020603
click-pathlike-edit,2,delay-reorder,72,1,1,1,0,0,25,586,460,126,460,126,635062,88820,3936,0,15,62.084678
click-pathlike-edit,2,duplicate-loss,72,1,1,1,0,0,25,767,600,167,458,130,674186,115374,3043,179,4,51.260807
click-pathlike-edit,2,combined,72,1,1,1,0,0,29,519,401,118,334,86,556544,72781,2443,99,8,41.637429
click-pathlike-edit,3,clean,86,1,1,1,0,0,5,100,60,40,60,40,263240,6640,1376,0,1,24.324252
click-pathlike-edit,3,partition,86,1,1,1,0,0,17,204,156,48,156,48,263240,20836,1376,0,1,26.609151
click-pathlike-edit,3,delay-reorder,86,1,1,1,0,0,25,576,460,116,460,116,670008,91264,4031,0,5,65.853978
click-pathlike-edit,3,duplicate-loss,86,1,1,1,0,0,24,725,594,131,458,102,695206,121572,3312,165,5,57.503241
click-pathlike-edit,3,combined,86,1,1,1,0,0,30,588,408,180,343,151,792305,63576,4030,94,4,63.003494
pytest-conftest-blocking,0,clean,59,1,1,1,0,0,5,100,60,40,60,40,181340,6640,944,0,1,16.301830
pytest-conftest-blocking,0,partition,59,1,1,1,0,0,17,204,156,48,156,48,181340,20836,944,0,1,17.881255
pytest-conftest-blocking,0,delay-reorder,59,1,1,1,0,0,25,604,460,144,460,144,565112,87692,3419,0,2,52.096438
pytest-conftest-blocking,0,duplicate-loss,59,1,1,1,0,0,25,764,606,158,468,118,561659,119798,2366,178,4,40.536437
pytest-conftest-blocking,0,combined,59,1,1,1,0,0,29,511,400,111,332,85,442591,72780,2082,94,1,35.317127
pytest-conftest-blocking,1,clean,69,1,1,1,0,0,5,100,60,40,60,40,214200,6640,1104,0,5,19.523474
pytest-conftest-blocking,1,partition,69,1,1,1,0,0,17,204,156,48,156,48,214200,20836,1104,0,5,21.026113
pytest-conftest-blocking,1,delay-reorder,69,1,1,1,0,0,25,594,460,134,460,134,642811,87692,3859,0,5,59.011368
pytest-conftest-blocking,1,duplicate-loss,69,1,1,1,0,0,25,773,609,164,467,123,605667,121258,2677,183,3,45.914396
pytest-conftest-blocking,1,combined,69,1,1,1,0,0,29,539,408,131,338,98,553852,72882,2508,103,5,43.291486
pytest-conftest-blocking,2,clean,59,1,1,1,0,0,5,100,60,40,60,40,181340,6640,944,0,14,15.865602
pytest-conftest-blocking,2,partition,59,1,1,1,0,0,17,204,156,48,156,48,181340,20836,944,0,14,17.675444
pytest-conftest-blocking,2,delay-reorder,59,1,1,1,0,0,25,575,460,115,460,115,470052,91828,2831,0,17,45.944602
pytest-conftest-blocking,2,duplicate-loss,59,1,1,1,0,0,25,755,608,147,480,114,556978,121586,2653,161,17,44.269692
pytest-conftest-blocking,2,combined,59,1,1,1,0,0,30,575,409,166,355,140,464330,66491,2381,80,17,38.986377
pytest-conftest-blocking,3,clean,69,1,1,1,0,0,5,100,60,40,60,40,214200,6640,1104,0,6,18.594021
pytest-conftest-blocking,3,partition,69,1,1,1,0,0,17,204,156,48,156,48,214200,20836,1104,0,6,20.677447
pytest-conftest-blocking,3,delay-reorder,69,1,1,1,0,0,25,587,460,127,460,127,574859,89196,3437,0,4,54.714020
pytest-conftest-blocking,3,duplicate-loss,69,1,1,1,0,0,25,771,612,159,488,119,705799,123329,3145,164,6,52.665548
pytest-conftest-blocking,3,combined,69,1,1,1,0,0,29,535,403,132,350,96,624898,72125,2861,89,6,47.217332
requests-pytest-compatibility,0,clean,31,1,1,1,0,0,5,100,60,40,60,40,93580,6416,496,0,1,8.500804
requests-pytest-compatibility,0,partition,31,1,1,1,0,0,17,204,156,48,156,48,93580,20072,496,0,1,9.904463
requests-pytest-compatibility,0,delay-reorder,31,1,1,1,0,0,25,617,460,157,460,157,305527,81764,1899,0,2,30.399764
requests-pytest-compatibility,0,duplicate-loss,31,1,1,1,0,0,25,747,596,151,463,112,277592,113293,1240,172,1,23.246955
requests-pytest-compatibility,0,combined,31,1,1,1,0,0,29,528,402,126,335,98,259567,68183,1286,95,1,22.097911
requests-pytest-compatibility,1,clean,41,1,1,1,0,0,5,100,60,40,60,40,125860,6416,656,0,5,11.355924
requests-pytest-compatibility,1,partition,41,1,1,1,0,0,17,204,156,48,156,48,125860,20072,656,0,5,12.706403
requests-pytest-compatibility,1,delay-reorder,41,1,1,1,0,0,25,615,460,155,460,155,375265,82056,2293,0,5,36.494725
requests-pytest-compatibility,1,duplicate-loss,41,1,1,1,0,0,25,747,611,136,478,110,329201,119446,1545,159,2,28.624224
requests-pytest-compatibility,1,combined,41,1,1,1,0,0,29,534,402,132,328,96,340896,69379,1535,110,5,26.339223
requests-pytest-compatibility,2,clean,35,1,1,1,0,0,5,100,60,40,60,40,106560,6416,560,0,5,9.687936
requests-pytest-compatibility,2,partition,35,1,1,1,0,0,17,204,156,48,156,48,106560,20072,560,0,6,11.170524
requests-pytest-compatibility,2,delay-reorder,35,1,1,1,0,0,25,608,460,148,460,148,335721,81968,2066,0,11,34.212259
requests-pytest-compatibility,2,duplicate-loss,35,1,1,1,0,0,25,754,618,136,484,102,305993,120443,1303,168,16,25.569581
requests-pytest-compatibility,2,combined,35,1,1,1,0,0,29,519,394,125,331,92,294140,66821,1329,96,6,24.399745
requests-pytest-compatibility,3,clean,47,1,1,1,0,0,5,100,60,40,60,40,146320,6472,752,0,9,13.100447
requests-pytest-compatibility,3,partition,47,1,1,1,0,0,17,204,156,48,156,48,146320,20288,752,0,7,14.615014
requests-pytest-compatibility,3,delay-reorder,47,1,1,1,0,0,24,558,440,118,440,118,351348,84744,2083,0,20,35.939607
requests-pytest-compatibility,3,duplicate-loss,47,1,1,1,0,0,25,746,596,150,457,122,424190,115229,2080,167,9,36.037675
requests-pytest-compatibility,3,combined,47,1,1,1,0,0,29,533,408,125,341,101,378235,71302,1887,91,9,31.593586
httpx-client-certificate-path,0,clean,35,1,1,1,0,0,5,100,60,40,60,40,106560,6416,560,0,1,9.559402
httpx-client-certificate-path,0,partition,35,1,1,1,0,0,17,204,156,48,156,48,106560,20072,560,0,1,11.204856
httpx-client-certificate-path,0,delay-reorder,35,1,1,1,0,0,25,587,460,127,460,127,285538,85812,1732,0,2,29.048364
httpx-client-certificate-path,0,duplicate-loss,35,1,1,1,0,0,25,783,608,175,488,122,338841,118245,1364,173,0,25.310070
httpx-client-certificate-path,0,combined,35,1,1,1,0,0,30,549,426,123,364,98,278747,75523,1369,87,1,23.963978
httpx-client-certificate-path,1,clean,41,1,1,1,0,0,5,100,60,40,60,40,125860,6416,656,0,1,11.288081
httpx-client-certificate-path,1,partition,41,1,1,1,0,0,17,204,156,48,156,48,125860,20072,656,0,1,12.805402
httpx-client-certificate-path,1,delay-reorder,41,1,1,1,0,0,25,599,460,139,460,139,353853,85828,2143,0,2,35.575107
httpx-client-certificate-path,1,duplicate-loss,41,1,1,1,0,0,25,750,605,145,465,113,335184,115317,1610,172,0,28.837125
httpx-client-certificate-path,1,combined,41,1,1,1,0,0,29,523,407,116,340,90,342229,70693,1678,93,1,27.731967
httpx-client-certificate-path,2,clean,39,1,1,1,0,0,5,100,60,40,60,40,119600,6472,624,0,6,10.878253
httpx-client-certificate-path,2,partition,39,1,1,1,0,0,17,204,156,48,156,48,119600,20288,624,0,2,12.060197
httpx-client-certificate-path,2,delay-reorder,39,1,1,1,0,0,25,608,460,148,460,148,357015,83472,2170,0,8,34.850703
httpx-client-certificate-path,2,duplicate-loss,39,1,1,1,0,0,25,747,603,144,492,109,364265,119159,1694,146,8,30.115234
httpx-client-certificate-path,2,combined,39,1,1,1,0,0,30,631,430,201,362,169,414596,63555,2194,100,4,33.979338
httpx-client-certificate-path,3,clean,51,1,1,1,0,0,5,100,60,40,60,40,160020,6528,816,0,4,14.165765
httpx-client-certificate-path,3,partition,51,1,1,1,0,0,17,204,156,48,156,48,160020,20504,816,0,4,15.580231
httpx-client-certificate-path,3,delay-reorder,51,1,1,1,0,0,25,591,460,131,460,131,470982,85664,2797,0,4,48.544577
httpx-client-certificate-path,3,duplicate-loss,51,1,1,1,0,0,25,751,607,144,470,112,477616,119035,2121,169,6,38.941689
httpx-client-certificate-path,3,combined,51,1,1,1,0,0,29,523,401,122,315,89,399650,68466,1708,119,4,29.995804
django-reverse-test-sequence,0,clean,24,1,1,1,0,0,5,100,60,40,60,40,72640,6360,384,0,0,6.971445
django-reverse-test-sequence,0,partition,24,1,1,1,0,0,17,204,156,48,156,48,72640,19956,384,0,0,8.219769
django-reverse-test-sequence,0,delay-reorder,24,1,1,1,0,0,25,576,460,116,460,116,184865,86680,1122,0,0,21.603545
django-reverse-test-sequence,0,duplicate-loss,24,1,1,1,0,0,25,759,605,154,487,116,227888,115130,1048,156,0,20.203460
django-reverse-test-sequence,0,combined,24,1,1,1,0,0,29,528,409,119,343,88,182341,70249,876,97,0,17.381771
django-reverse-test-sequence,1,clean,28,1,1,1,0,0,5,100,60,40,60,40,85480,6360,448,0,1,8.447282
django-reverse-test-sequence,1,partition,28,1,1,1,0,0,17,204,156,48,156,48,85480,19956,448,0,1,9.141371
django-reverse-test-sequence,1,delay-reorder,28,1,1,1,0,0,25,588,460,128,460,128,257223,84520,1574,0,1,26.694020
django-reverse-test-sequence,1,duplicate-loss,28,1,1,1,0,0,25,727,583,144,448,109,222789,111958,973,170,2,20.665989
django-reverse-test-sequence,1,combined,28,1,1,1,0,0,29,509,397,112,340,86,200169,70327,932,83,1,18.496053
django-reverse-test-sequence,2,clean,28,1,1,1,0,0,5,100,60,40,60,40,85620,6360,448,0,4,7.861679
django-reverse-test-sequence,2,partition,28,1,1,1,0,0,17,204,156,48,156,48,85620,19956,448,0,4,9.282834
django-reverse-test-sequence,2,delay-reorder,28,1,1,1,0,0,25,593,460,133,460,133,254339,83980,1546,0,8,26.462590
django-reverse-test-sequence,2,duplicate-loss,28,1,1,1,0,0,25,725,588,137,441,103,218558,111243,936,181,8,19.969748
django-reverse-test-sequence,2,combined,28,1,1,1,0,0,30,545,420,125,344,97,239582,71385,1212,104,4,22.209349
django-reverse-test-sequence,3,clean,36,1,1,1,0,0,5,100,60,40,60,40,112500,6416,576,0,7,10.092256
django-reverse-test-sequence,3,partition,36,1,1,1,0,0,17,204,156,48,156,48,112500,20172,576,0,7,11.480181
django-reverse-test-sequence,3,delay-reorder,36,1,1,1,0,0,25,597,460,137,460,137,322721,83456,1923,0,14,32.450610
django-reverse-test-sequence,3,duplicate-loss,36,1,1,1,0,0,25,720,588,132,431,98,357370,111532,1608,191,14,30.012389
django-reverse-test-sequence,3,combined,36,1,1,1,0,0,29,518,397,121,327,91,305857,68768,1353,100,14,27.444803
fastapi-metadata-typo,0,clean,24,1,1,1,0,0,5,100,60,40,60,40,74500,6360,384,0,0,6.703610
fastapi-metadata-typo,0,partition,24,1,1,1,0,0,17,204,156,48,156,48,74500,19956,384,0,0,7.995711
fastapi-metadata-typo,0,delay-reorder,24,1,1,1,0,0,25,592,460,132,460,132,226060,82720,1361,0,0,24.297962
fastapi-metadata-typo,0,duplicate-loss,24,1,1,1,0,0,25,726,576,150,460,110,212936,110466,888,156,0,18.352356
fastapi-metadata-typo,0,combined,24,1,1,1,0,0,29,542,406,136,343,99,222525,67996,989,100,0,17.758340
fastapi-metadata-typo,1,clean,28,1,1,1,0,0,5,100,60,40,60,40,87660,6360,448,0,1,7.755308
fastapi-metadata-typo,1,partition,28,1,1,1,0,0,17,204,156,48,156,48,87660,19956,448,0,1,9.487383
fastapi-metadata-typo,1,delay-reorder,28,1,1,1,0,0,25,582,460,122,460,122,239528,85960,1418,0,1,24.969766
fastapi-metadata-typo,1,duplicate-loss,28,1,1,1,0,0,25,763,608,155,458,116,253093,112703,1130,189,1,22.062196
fastapi-metadata-typo,1,combined,28,1,1,1,0,0,29,519,389,130,324,94,255268,64379,1150,101,2,21.388531
fastapi-metadata-typo,2,clean,28,1,1,1,0,0,5,100,60,40,60,40,87940,6360,448,0,6,7.714337
fastapi-metadata-typo,2,partition,28,1,1,1,0,0,17,204,156,48,156,48,87940,19956,448,0,6,8.987077
fastapi-metadata-typo,2,delay-reorder,28,1,1,1,0,0,25,600,460,140,460,140,252097,83980,1496,0,6,25.968985
fastapi-metadata-typo,2,duplicate-loss,28,1,1,1,0,0,25,737,602,135,465,103,237810,115172,1012,169,6,20.227968
fastapi-metadata-typo,2,combined,28,1,1,1,0,0,29,523,393,130,336,96,239881,67038,1128,91,6,20.366367
fastapi-metadata-typo,3,clean,36,1,1,1,0,0,5,100,60,40,60,40,115680,6416,576,0,5,10.013377
fastapi-metadata-typo,3,partition,36,1,1,1,0,0,17,204,156,48,156,48,115680,20172,576,0,5,12.316053
fastapi-metadata-typo,3,delay-reorder,36,1,1,1,0,0,25,578,460,118,460,118,316770,87652,1820,0,5,32.504912
fastapi-metadata-typo,3,duplicate-loss,36,1,1,1,0,0,25,740,590,150,455,114,346508,113149,1423,171,10,28.938999
fastapi-metadata-typo,3,combined,36,1,1,1,0,0,29,553,415,138,342,105,351626,70220,1585,106,10,27.695331
serde-json-buffered-reader,0,clean,24,1,1,1,0,0,5,100,60,40,60,40,74500,6360,384,0,6,6.949271
serde-json-buffered-reader,0,partition,24,1,1,1,0,0,17,204,156,48,156,48,74500,19956,384,0,6,9.014770
serde-json-buffered-reader,0,delay-reorder,24,1,1,1,0,0,25,593,460,133,460,133,204761,84520,1223,0,12,23.234358
serde-json-buffered-reader,0,duplicate-loss,24,1,1,1,0,0,25,750,602,148,457,107,219533,114542,932,186,6,19.205966
serde-json-buffered-reader,0,combined,24,1,1,1,0,0,30,606,426,180,351,143,227257,65406,1139,112,6,19.811931
serde-json-buffered-reader,1,clean,30,1,1,1,0,0,5,100,60,40,60,40,94800,6360,480,0,9,8.745844
serde-json-buffered-reader,1,partition,30,1,1,1,0,0,17,204,156,48,156,48,94800,19956,480,0,9,9.643419
serde-json-buffered-reader,1,delay-reorder,30,1,1,1,0,0,25,578,460,118,460,118,254533,85780,1495,0,18,27.052693
serde-json-buffered-reader,1,duplicate-loss,30,1,1,1,0,0,25,740,600,140,469,106,251125,114495,1043,165,18,22.589895
serde-json-buffered-reader,1,combined,30,1,1,1,0,0,29,542,405,137,334,109,289518,66510,1424,99,18,24.517565
serde-json-buffered-reader,2,clean,32,1,1,1,0,0,5,100,60,40,60,40,101400,6416,512,0,12,9.630059
serde-json-buffered-reader,2,partition,32,1,1,1,0,0,17,204,156,48,156,48,101400,20172,512,0,12,10.175212
serde-json-buffered-reader,2,delay-reorder,32,1,1,1,0,0,25,595,460,135,460,135,329890,84340,1958,0,24,32.711026
serde-json-buffered-reader,2,duplicate-loss,32,1,1,1,0,0,25,733,591,142,452,101,263019,115114,1074,180,12,23.015137
serde-json-buffered-reader,2,combined,32,1,1,1,0,0,29,519,395,124,334,85,276205,66793,1126,100,12,20.956229
serde-json-buffered-reader,3,clean,40,1,1,1,0,0,5,100,60,40,60,40,129700,6472,640,0,3,11.109642
serde-json-buffered-reader,3,partition,40,1,1,1,0,0,17,204,156,48,156,48,129700,20288,640,0,3,13.316766
serde-json-buffered-reader,3,delay-reorder,40,1,1,1,0,0,25,599,460,139,460,139,359808,86736,2052,0,3,41.086591
serde-json-buffered-reader,3,duplicate-loss,40,1,1,1,0,0,25,740,598,142,456,105,362014,115520,1483,179,3,29.657345
serde-json-buffered-reader,3,combined,40,1,1,1,0,0,29,504,381,123,321,98,367215,64787,1733,85,6,30.941395
ripgrep-json-statistics,0,clean,35,1,1,1,0,0,5,100,60,40,60,40,109320,6416,560,0,3,9.749880
ripgrep-json-statistics,0,partition,35,1,1,1,0,0,17,204,156,48,156,48,109320,20072,560,0,1,11.045836
ripgrep-json-statistics,0,delay-reorder,35,1,1,1,0,0,25,583,460,123,460,123,314260,86360,1871,0,4,31.992060
ripgrep-json-statistics,0,duplicate-loss,35,1,1,1,0,0,25,779,602,177,487,134,374142,114910,1681,158,4,29.323342
ripgrep-json-statistics,0,combined,35,1,1,1,0,0,29,607,408,199,355,161,364221,61204,1776,91,4,28.917268
ripgrep-json-statistics,1,clean,41,1,1,1,0,0,5,100,60,40,60,40,129100,6416,656,0,5,11.819304
ripgrep-json-statistics,1,partition,41,1,1,1,0,0,17,204,156,48,156,48,129100,20072,656,0,2,12.948700
ripgrep-json-statistics,1,delay-reorder,41,1,1,1,0,0,25,580,460,120,460,120,370532,86172,2186,0,8,36.956595
ripgrep-json-statistics,1,duplicate-loss,41,1,1,1,0,0,25,735,601,134,465,102,363687,115500,1608,168,13,33.029076
ripgrep-json-statistics,1,combined,41,1,1,1,0,0,30,608,425,183,345,156,403698,64945,2073,107,8,33.262328
ripgrep-json-statistics,2,clean,37,1,1,1,0,0,5,100,60,40,60,40,116200,6472,592,0,13,10.518901
ripgrep-json-statistics,2,partition,37,1,1,1,0,0,17,204,156,48,156,48,116200,20288,592,0,1,23.128599
ripgrep-json-statistics,2,delay-reorder,37,1,1,1,0,0,25,590,460,130,460,130,333184,86072,1975,0,13,33.881343
ripgrep-json-statistics,2,duplicate-loss,37,1,1,1,0,0,25,751,615,136,477,101,324200,118623,1329,173,21,29.694492
ripgrep-json-statistics,2,combined,37,1,1,1,0,0,29,533,401,132,336,95,322169,68342,1367,102,7,24.227778
ripgrep-json-statistics,3,clean,49,1,1,1,0,0,5,100,60,40,60,40,157480,6528,784,0,0,13.491869
ripgrep-json-statistics,3,partition,49,1,1,1,0,0,17,204,156,48,156,48,157480,20504,784,0,0,15.843670
ripgrep-json-statistics,3,delay-reorder,49,1,1,1,0,0,25,603,460,143,460,143,448194,86464,2603,0,0,42.789472
ripgrep-json-statistics,3,duplicate-loss,49,1,1,1,0,0,25,742,592,150,467,116,479815,113322,2245,159,0,39.354887
ripgrep-json-statistics,3,combined,49,1,1,1,0,0,29,517,402,115,328,90,368348,70507,1686,99,0,29.441440
