sample,operation,copies,repetition,oracle_mass,carat_mass,carat_ratio,presentation_count_ratio,presentation_mass_ratio,decode_ms,checker_ms,max_transform_inputs,max_transform_outputs
click-pathlike-edit,rebase,0,0,58,58,1.000000,1.000000,1.000000,0.580296,0.461056,0,0
click-pathlike-edit,rebase,0,1,58,58,1.000000,1.000000,1.000000,0.467385,0.451281,0,0
click-pathlike-edit,rebase,0,2,58,58,1.000000,1.000000,1.000000,0.485503,0.433124,0,0
click-pathlike-edit,rebase,1,0,58,58,1.000000,2.000000,2.000000,0.852877,0.586154,1,1
click-pathlike-edit,rebase,1,1,58,58,1.000000,2.000000,2.000000,0.565203,0.552224,1,1
click-pathlike-edit,rebase,1,2,58,58,1.000000,2.000000,2.000000,0.546976,0.499324,1,1
click-pathlike-edit,rebase,2,0,58,58,1.000000,3.000000,3.000000,0.667157,0.618494,1,1
click-pathlike-edit,rebase,2,1,58,58,1.000000,3.000000,3.000000,0.587628,0.585904,1,1
click-pathlike-edit,rebase,2,2,58,58,1.000000,3.000000,3.000000,0.659786,0.634097,1,1
click-pathlike-edit,rebase,4,0,58,58,1.000000,5.000000,5.000000,0.714679,0.699607,1,1
click-pathlike-edit,rebase,4,1,58,58,1.000000,5.000000,5.000000,0.692866,0.714529,1,1
click-pathlike-edit,rebase,4,2,58,58,1.000000,5.000000,5.000000,0.711785,0.677202,1,1
click-pathlike-edit,rebase,8,0,58,58,1.000000,9.000000,9.000000,0.973991,0.935002,1,1
click-pathlike-edit,rebase,8,1,58,58,1.000000,9.000000,9.000000,1.049445,0.987500,1,1
click-pathlike-edit,rebase,8,2,58,58,1.000000,9.000000,9.000000,0.946499,0.929704,1,1
click-pathlike-edit,rebase,16,0,58,58,1.000000,17.000000,17.000000,1.761700,1.424490,1,1
click-pathlike-edit,rebase,16,1,58,58,1.000000,17.000000,17.000000,1.436539,1.386453,1,1
click-pathlike-edit,rebase,16,2,58,58,1.000000,17.000000,17.000000,1.412162,1.406624,1,1
click-pathlike-edit,cherry_pick,0,0,58,58,1.000000,1.000000,1.000000,0.460085,0.454266,0,0
click-pathlike-edit,cherry_pick,0,1,58,58,1.000000,1.000000,1.000000,0.462278,0.428246,0,0
click-pathlike-edit,cherry_pick,0,2,58,58,1.000000,1.000000,1.000000,0.444641,0.448848,0,0
click-pathlike-edit,cherry_pick,1,0,58,58,1.000000,2.000000,2.000000,0.537592,0.501938,1,1
click-pathlike-edit,cherry_pick,1,1,58,58,1.000000,2.000000,2.000000,0.511862,0.532414,1,1
click-pathlike-edit,cherry_pick,1,2,58,58,1.000000,2.000000,2.000000,0.528177,0.493024,1,1
click-pathlike-edit,cherry_pick,2,0,58,58,1.000000,3.000000,3.000000,0.571012,0.573115,1,1
click-pathlike-edit,cherry_pick,2,1,58,58,1.000000,3.000000,3.000000,0.591683,0.570882,1,1
click-pathlike-edit,cherry_pick,2,2,58,58,1.000000,3.000000,3.000000,0.589620,0.575288,1,1
click-pathlike-edit,cherry_pick,4,0,58,58,1.000000,5.000000,5.000000,0.727107,0.692716,1,1
click-pathlike-edit,cherry_pick,4,1,58,58,1.000000,5.000000,5.000000,0.709421,0.684213,1,1
click-pathlike-edit,cherry_pick,4,2,58,58,1.000000,5.000000,5.000000,0.726166,0.689090,1,1
click-pathlike-edit,cherry_pick,8,0,58,58,1.000000,9.000000,9.000000,0.961982,0.917214,1,1
click-pathlike-edit,cherry_pick,8,1,58,58,1.000000,9.000000,9.000000,0.966990,0.934671,1,1
click-pathlike-edit,cherry_pick,8,2,58,58,1.000000,9.000000,9.000000,0.968583,0.932348,1,1
click-pathlike-edit,cherry_pick,16,0,58,58,1.000000,17.000000,17.000000,1.456008,1.398321,1,1
click-pathlike-edit,cherry_pick,16,1,58,58,1.000000,17.000000,17.000000,1.438692,1.389448,1,1
click-pathlike-edit,cherry_pick,16,2,58,58,1.000000,17.000000,17.000000,1.435417,1.404711,1,1
click-pathlike-edit,fork,0,0,58,58,1.000000,1.000000,1.000000,0.462127,0.466094,0,0
click-pathlike-edit,fork,0,1,58,58,1.000000,1.000000,1.000000,0.462007,0.506194,0,0
click-pathlike-edit,fork,0,2,58,58,1.000000,1.000000,1.000000,0.452924,0.444501,0,0
click-pathlike-edit,fork,1,0,58,58,1.000000,2.000000,2.000000,0.609941,0.536010,1,1
click-pathlike-edit,fork,1,1,58,58,1.000000,2.000000,2.000000,0.540846,0.507706,1,1
click-pathlike-edit,fork,1,2,58,58,1.000000,2.000000,2.000000,0.522168,0.543951,1,1
click-pathlike-edit,fork,2,0,58,58,1.000000,3.000000,3.000000,0.572684,0.560116,1,2
click-pathlike-edit,fork,2,1,58,58,1.000000,3.000000,3.000000,0.569089,0.535198,1,2
click-pathlike-edit,fork,2,2,58,58,1.000000,3.000000,3.000000,0.557341,0.554307,1,2
click-pathlike-edit,fork,4,0,58,58,1.000000,5.000000,5.000000,0.644903,0.624203,1,4
click-pathlike-edit,fork,4,1,58,58,1.000000,5.000000,5.000000,0.659696,0.640477,1,4
click-pathlike-edit,fork,4,2,58,58,1.000000,5.000000,5.000000,0.647968,0.626906,1,4
click-pathlike-edit,fork,8,0,58,58,1.000000,9.000000,9.000000,1.068443,0.836883,1,8
click-pathlike-edit,fork,8,1,58,58,1.000000,9.000000,9.000000,0.808310,0.886658,1,8
click-pathlike-edit,fork,8,2,58,58,1.000000,9.000000,9.000000,0.791375,0.782982,1,8
click-pathlike-edit,fork,16,0,58,58,1.000000,17.000000,17.000000,1.133742,1.085940,1,16
click-pathlike-edit,fork,16,1,58,58,1.000000,17.000000,17.000000,1.124368,1.567396,1,16
click-pathlike-edit,fork,16,2,58,58,1.000000,17.000000,17.000000,1.225249,1.117107,1,16
click-pathlike-edit,squash,0,0,58,58,1.000000,1.000000,1.000000,0.488628,0.485543,0,0
click-pathlike-edit,squash,0,1,58,58,1.000000,1.000000,1.000000,0.506695,0.520656,0,0
click-pathlike-edit,squash,0,2,58,58,1.000000,1.000000,1.000000,0.464962,0.466935,0,0
click-pathlike-edit,squash,1,0,58,58,1.000000,1.500000,2.000000,0.565133,0.540796,2,1
click-pathlike-edit,squash,1,1,58,58,1.000000,1.500000,2.000000,0.560417,0.822732,2,1
click-pathlike-edit,squash,1,2,58,58,1.000000,1.500000,2.000000,0.564973,0.529029,2,1
click-pathlike-edit,squash,2,0,58,58,1.000000,2.000000,3.000000,0.609319,0.601337,2,1
click-pathlike-edit,squash,2,1,58,58,1.000000,2.000000,3.000000,0.603421,0.594647,2,1
click-pathlike-edit,squash,2,2,58,58,1.000000,2.000000,3.000000,0.638574,0.588929,2,1
click-pathlike-edit,squash,4,0,58,58,1.000000,3.000000,5.000000,0.742190,0.729001,2,1
click-pathlike-edit,squash,4,1,58,58,1.000000,3.000000,5.000000,0.753848,0.727628,2,1
click-pathlike-edit,squash,4,2,58,58,1.000000,3.000000,5.000000,0.743373,0.698284,2,1
click-pathlike-edit,squash,8,0,58,58,1.000000,5.000000,9.000000,0.993009,0.968582,2,1
click-pathlike-edit,squash,8,1,58,58,1.000000,5.000000,9.000000,1.000320,0.962733,2,1
click-pathlike-edit,squash,8,2,58,58,1.000000,5.000000,9.000000,0.980992,0.978277,2,1
click-pathlike-edit,squash,16,0,58,58,1.000000,9.000000,17.000000,1.650422,1.492123,2,1
click-pathlike-edit,squash,16,1,58,58,1.000000,9.000000,17.000000,1.475458,1.484271,2,1
click-pathlike-edit,squash,16,2,58,58,1.000000,9.000000,17.000000,1.521266,1.495208,2,1
click-pathlike-edit,revert,0,0,58,58,1.000000,1.000000,1.000000,0.471552,0.433745,0,0
click-pathlike-edit,revert,0,1,58,58,1.000000,1.000000,1.000000,0.447696,0.441396,0,0
click-pathlike-edit,revert,0,2,58,58,1.000000,1.000000,1.000000,0.453946,0.433624,0,0
click-pathlike-edit,revert,1,0,58,58,1.000000,2.000000,2.000000,0.529820,0.520146,1,1
click-pathlike-edit,revert,1,1,58,58,1.000000,2.000000,2.000000,0.540176,0.496649,1,1
click-pathlike-edit,revert,1,2,58,58,1.000000,2.000000,2.000000,0.515969,0.514326,1,1
click-pathlike-edit,revert,2,0,58,58,1.000000,3.000000,3.000000,0.612845,0.563390,1,1
click-pathlike-edit,revert,2,1,58,58,1.000000,3.000000,3.000000,0.619785,0.568399,1,1
click-pathlike-edit,revert,2,2,58,58,1.000000,3.000000,3.000000,0.600968,0.623371,1,1
click-pathlike-edit,revert,4,0,58,58,1.000000,5.000000,5.000000,0.705064,0.713327,1,1
click-pathlike-edit,revert,4,1,58,58,1.000000,5.000000,5.000000,0.726096,0.712476,1,1
click-pathlike-edit,revert,4,2,58,58,1.000000,5.000000,5.000000,0.720838,0.683272,1,1
click-pathlike-edit,revert,8,0,58,58,1.000000,9.000000,9.000000,1.044777,0.964616,1,1
click-pathlike-edit,revert,8,1,58,58,1.000000,9.000000,9.000000,1.061472,1.000200,1,1
click-pathlike-edit,revert,8,2,58,58,1.000000,9.000000,9.000000,1.132961,0.948232,1,1
click-pathlike-edit,revert,16,0,58,58,1.000000,17.000000,17.000000,1.477530,1.445062,1,1
click-pathlike-edit,revert,16,1,58,58,1.000000,17.000000,17.000000,1.445232,1.453905,1,1
click-pathlike-edit,revert,16,2,58,58,1.000000,17.000000,17.000000,1.457781,1.650322,1,1
pytest-conftest-blocking,rebase,0,0,16,16,1.000000,1.000000,1.000000,0.421667,0.361335,0,0
pytest-conftest-blocking,rebase,0,1,16,16,1.000000,1.000000,1.000000,0.389238,0.347745,0,0
pytest-conftest-blocking,rebase,0,2,16,16,1.000000,1.000000,1.000000,0.359303,0.423299,0,0
pytest-conftest-blocking,rebase,1,0,16,16,1.000000,2.000000,2.000000,0.441086,0.437280,1,1
pytest-conftest-blocking,rebase,1,1,16,16,1.000000,2.000000,2.000000,0.446074,0.443539,1,1
pytest-conftest-blocking,rebase,1,2,16,16,1.000000,2.000000,2.000000,0.424210,0.408607,1,1
pytest-conftest-blocking,rebase,2,0,16,16,1.000000,3.000000,3.000000,0.491873,0.549459,1,1
pytest-conftest-blocking,rebase,2,1,16,16,1.000000,3.000000,3.000000,0.522959,0.467025,1,1
pytest-conftest-blocking,rebase,2,2,16,16,1.000000,3.000000,3.000000,1.200192,0.656922,1,1
pytest-conftest-blocking,rebase,4,0,16,16,1.000000,5.000000,5.000000,0.644994,0.603772,1,1
pytest-conftest-blocking,rebase,4,1,16,16,1.000000,5.000000,5.000000,0.616530,0.600366,1,1
pytest-conftest-blocking,rebase,4,2,16,16,1.000000,5.000000,5.000000,0.669140,0.584231,1,1
pytest-conftest-blocking,rebase,8,0,16,16,1.000000,9.000000,9.000000,1.126470,0.926919,1,1
pytest-conftest-blocking,rebase,8,1,16,16,1.000000,9.000000,9.000000,0.844405,0.929513,1,1
pytest-conftest-blocking,rebase,8,2,16,16,1.000000,9.000000,9.000000,1.152059,0.847700,1,1
pytest-conftest-blocking,rebase,16,0,16,16,1.000000,17.000000,17.000000,1.312572,1.286222,1,1
pytest-conftest-blocking,rebase,16,1,16,16,1.000000,17.000000,17.000000,1.465132,1.407394,1,1
pytest-conftest-blocking,rebase,16,2,16,16,1.000000,17.000000,17.000000,1.298230,1.295446,1,1
pytest-conftest-blocking,cherry_pick,0,0,16,16,1.000000,1.000000,1.000000,0.382888,0.393194,0,0
pytest-conftest-blocking,cherry_pick,0,1,16,16,1.000000,1.000000,1.000000,0.401476,0.390380,0,0
pytest-conftest-blocking,cherry_pick,0,2,16,16,1.000000,1.000000,1.000000,0.667798,0.365592,0,0
pytest-conftest-blocking,cherry_pick,1,0,16,16,1.000000,2.000000,2.000000,0.447856,0.439303,1,1
pytest-conftest-blocking,cherry_pick,1,1,16,16,1.000000,2.000000,2.000000,0.512874,0.454216,1,1
pytest-conftest-blocking,cherry_pick,1,2,16,16,1.000000,2.000000,2.000000,0.435908,0.410310,1,1
pytest-conftest-blocking,cherry_pick,2,0,16,16,1.000000,3.000000,3.000000,0.483420,0.480065,1,1
pytest-conftest-blocking,cherry_pick,2,1,16,16,1.000000,3.000000,3.000000,0.521538,0.466565,1,1
pytest-conftest-blocking,cherry_pick,2,2,16,16,1.000000,3.000000,3.000000,0.481868,0.486023,1,1
pytest-conftest-blocking,cherry_pick,4,0,16,16,1.000000,5.000000,5.000000,0.608248,0.590912,1,1
pytest-conftest-blocking,cherry_pick,4,1,16,16,1.000000,5.000000,5.000000,0.616370,0.575770,1,1
pytest-conftest-blocking,cherry_pick,4,2,16,16,1.000000,5.000000,5.000000,0.732966,0.671123,1,1
pytest-conftest-blocking,cherry_pick,8,0,16,16,1.000000,9.000000,9.000000,1.076625,0.841139,1,1
pytest-conftest-blocking,cherry_pick,8,1,16,16,1.000000,9.000000,9.000000,0.919658,0.866989,1,1
pytest-conftest-blocking,cherry_pick,8,2,16,16,1.000000,9.000000,9.000000,0.916864,0.866679,1,1
pytest-conftest-blocking,cherry_pick,16,0,16,16,1.000000,17.000000,17.000000,1.438172,1.416899,1,1
pytest-conftest-blocking,cherry_pick,16,1,16,16,1.000000,17.000000,17.000000,1.281765,1.447705,1,1
pytest-conftest-blocking,cherry_pick,16,2,16,16,1.000000,17.000000,17.000000,1.303067,1.545222,1,1
pytest-conftest-blocking,fork,0,0,16,16,1.000000,1.000000,1.000000,0.397941,0.355717,0,0
pytest-conftest-blocking,fork,0,1,16,16,1.000000,1.000000,1.000000,0.386073,0.411641,0,0
pytest-conftest-blocking,fork,0,2,16,16,1.000000,1.000000,1.000000,0.388717,0.345602,0,0
pytest-conftest-blocking,fork,1,0,16,16,1.000000,2.000000,2.000000,0.438492,0.441637,1,1
pytest-conftest-blocking,fork,1,1,16,16,1.000000,2.000000,2.000000,0.440245,0.417971,1,1
pytest-conftest-blocking,fork,1,2,16,16,1.000000,2.000000,2.000000,0.496700,0.415758,1,1
pytest-conftest-blocking,fork,2,0,16,16,1.000000,3.000000,3.000000,0.464942,0.462208,1,2
pytest-conftest-blocking,fork,2,1,16,16,1.000000,3.000000,3.000000,0.476749,0.507246,1,2
pytest-conftest-blocking,fork,2,2,16,16,1.000000,3.000000,3.000000,0.469919,0.479684,1,2
pytest-conftest-blocking,fork,4,0,16,16,1.000000,5.000000,5.000000,0.612655,0.534997,1,4
pytest-conftest-blocking,fork,4,1,16,16,1.000000,5.000000,5.000000,0.654999,0.544432,1,4
pytest-conftest-blocking,fork,4,2,16,16,1.000000,5.000000,5.000000,0.654027,0.531002,1,4
pytest-conftest-blocking,fork,8,0,16,16,1.000000,9.000000,9.000000,0.732876,0.761049,1,8
pytest-conftest-blocking,fork,8,1,16,16,1.000000,9.000000,9.000000,0.687078,0.651103,1,8
pytest-conftest-blocking,fork,8,2,16,16,1.000000,9.000000,9.000000,0.741459,0.675340,1,8
pytest-conftest-blocking,fork,16,0,16,16,1.000000,17.000000,17.000000,0.963845,0.986930,1,16
pytest-conftest-blocking,fork,16,1,16,16,1.000000,17.000000,17.000000,0.952117,0.931095,1,16
pytest-conftest-blocking,fork,16,2,16,16,1.000000,17.000000,17.000000,1.002093,0.934682,1,16
pytest-conftest-blocking,squash,0,0,16,16,1.000000,1.000000,1.000000,0.381756,0.376799,0,0
pytest-conftest-blocking,squash,0,1,16,16,1.000000,1.000000,1.000000,0.411672,0.398712,0,0
pytest-conftest-blocking,squash,0,2,16,16,1.000000,1.000000,1.000000,0.437991,0.364601,0,0
pytest-conftest-blocking,squash,1,0,16,16,1.000000,1.500000,2.000000,0.463430,0.457711,2,1
pytest-conftest-blocking,squash,1,1,16,16,1.000000,1.500000,2.000000,0.697894,0.456750,2,1
pytest-conftest-blocking,squash,1,2,16,16,1.000000,1.500000,2.000000,0.453265,0.659436,2,1
pytest-conftest-blocking,squash,2,0,16,16,1.000000,2.000000,3.000000,0.565544,0.553966,2,1
pytest-conftest-blocking,squash,2,1,16,16,1.000000,2.000000,3.000000,0.533496,0.496119,2,1
pytest-conftest-blocking,squash,2,2,16,16,1.000000,2.000000,3.000000,0.518132,0.507756,2,1
pytest-conftest-blocking,squash,4,0,16,16,1.000000,3.000000,5.000000,0.697593,0.620286,2,1
pytest-conftest-blocking,squash,4,1,16,16,1.000000,3.000000,5.000000,0.639706,0.618184,2,1
pytest-conftest-blocking,squash,4,2,16,16,1.000000,3.000000,5.000000,0.683141,0.626596,2,1
pytest-conftest-blocking,squash,8,0,16,16,1.000000,5.000000,9.000000,0.871626,0.846447,2,1
pytest-conftest-blocking,squash,8,1,16,16,1.000000,5.000000,9.000000,0.867890,0.842852,2,1
pytest-conftest-blocking,squash,8,2,16,16,1.000000,5.000000,9.000000,0.873388,0.920110,2,1
pytest-conftest-blocking,squash,16,0,16,16,1.000000,9.000000,17.000000,1.359172,1.352952,2,1
pytest-conftest-blocking,squash,16,1,16,16,1.000000,9.000000,17.000000,1.335907,1.312011,2,1
pytest-conftest-blocking,squash,16,2,16,16,1.000000,9.000000,17.000000,1.338421,1.325992,2,1
pytest-conftest-blocking,revert,0,0,16,16,1.000000,1.000000,1.000000,0.374075,0.365963,0,0
pytest-conftest-blocking,revert,0,1,16,16,1.000000,1.000000,1.000000,0.372062,0.345692,0,0
pytest-conftest-blocking,revert,0,2,16,16,1.000000,1.000000,1.000000,0.377860,0.367905,0,0
pytest-conftest-blocking,revert,1,0,16,16,1.000000,2.000000,2.000000,0.493575,0.425983,1,1
pytest-conftest-blocking,revert,1,1,16,16,1.000000,2.000000,2.000000,0.427405,0.444100,1,1
pytest-conftest-blocking,revert,1,2,16,16,1.000000,2.000000,2.000000,0.501357,0.422067,1,1
pytest-conftest-blocking,revert,2,0,16,16,1.000000,3.000000,3.000000,0.501877,0.496479,1,1
pytest-conftest-blocking,revert,2,1,16,16,1.000000,3.000000,3.000000,0.601678,0.489359,1,1
pytest-conftest-blocking,revert,2,2,16,16,1.000000,3.000000,3.000000,0.513294,0.481677,1,1
pytest-conftest-blocking,revert,4,0,16,16,1.000000,5.000000,5.000000,0.614848,0.605444,1,1
pytest-conftest-blocking,revert,4,1,16,16,1.000000,5.000000,5.000000,0.636912,0.593075,1,1
pytest-conftest-blocking,revert,4,2,16,16,1.000000,5.000000,5.000000,0.633406,0.585004,1,1
pytest-conftest-blocking,revert,8,0,16,16,1.000000,9.000000,9.000000,0.860489,0.827419,1,1
pytest-conftest-blocking,revert,8,1,16,16,1.000000,9.000000,9.000000,0.824184,0.826457,1,1
pytest-conftest-blocking,revert,8,2,16,16,1.000000,9.000000,9.000000,0.844906,0.824645,1,1
pytest-conftest-blocking,revert,16,0,16,16,1.000000,17.000000,17.000000,1.628459,1.325562,1,1
pytest-conftest-blocking,revert,16,1,16,16,1.000000,17.000000,17.000000,1.472693,1.330448,1,1
pytest-conftest-blocking,revert,16,2,16,16,1.000000,17.000000,17.000000,2.001692,1.816502,1,1
requests-pytest-compatibility,rebase,0,0,4,4,1.000000,1.000000,1.000000,0.172049,0.145370,0,0
requests-pytest-compatibility,rebase,0,1,4,4,1.000000,1.000000,1.000000,0.206031,0.169195,0,0
requests-pytest-compatibility,rebase,0,2,4,4,1.000000,1.000000,1.000000,0.141504,0.135705,0,0
requests-pytest-compatibility,rebase,1,0,4,4,1.000000,2.000000,2.000000,0.198690,0.209517,1,1
requests-pytest-compatibility,rebase,1,1,4,4,1.000000,2.000000,2.000000,0.192681,0.183687,1,1
requests-pytest-compatibility,rebase,1,2,4,4,1.000000,2.000000,2.000000,0.326513,0.189086,1,1
requests-pytest-compatibility,rebase,2,0,4,4,1.000000,3.000000,3.000000,0.237058,0.264159,1,1
requests-pytest-compatibility,rebase,2,1,4,4,1.000000,3.000000,3.000000,0.230809,0.220092,1,1
requests-pytest-compatibility,rebase,2,2,4,4,1.000000,3.000000,3.000000,0.227623,0.217479,1,1
requests-pytest-compatibility,rebase,4,0,4,4,1.000000,5.000000,5.000000,0.329979,0.331009,1,1
requests-pytest-compatibility,rebase,4,1,4,4,1.000000,5.000000,5.000000,0.377920,0.313783,1,1
requests-pytest-compatibility,rebase,4,2,4,4,1.000000,5.000000,5.000000,0.331841,0.305792,1,1
requests-pytest-compatibility,rebase,8,0,4,4,1.000000,9.000000,9.000000,0.495829,0.470730,1,1
requests-pytest-compatibility,rebase,8,1,4,4,1.000000,9.000000,9.000000,0.543060,0.523971,1,1
requests-pytest-compatibility,rebase,8,2,4,4,1.000000,9.000000,9.000000,0.497772,0.465453,1,1
requests-pytest-compatibility,rebase,16,0,4,4,1.000000,17.000000,17.000000,0.855892,0.916013,1,1
requests-pytest-compatibility,rebase,16,1,4,4,1.000000,17.000000,17.000000,0.830724,0.819116,1,1
requests-pytest-compatibility,rebase,16,2,4,4,1.000000,17.000000,17.000000,0.904755,0.813238,1,1
requests-pytest-compatibility,cherry_pick,0,0,4,4,1.000000,1.000000,1.000000,0.159170,0.136355,0,0
requests-pytest-compatibility,cherry_pick,0,1,4,4,1.000000,1.000000,1.000000,0.138629,0.129034,0,0
requests-pytest-compatibility,cherry_pick,0,2,4,4,1.000000,1.000000,1.000000,0.133812,0.143847,0,0
requests-pytest-compatibility,cherry_pick,1,0,4,4,1.000000,2.000000,2.000000,0.214914,0.184769,1,1
requests-pytest-compatibility,cherry_pick,1,1,4,4,1.000000,2.000000,2.000000,0.232691,0.237017,1,1
requests-pytest-compatibility,cherry_pick,1,2,4,4,1.000000,2.000000,2.000000,0.197468,0.184729,1,1
requests-pytest-compatibility,cherry_pick,2,0,4,4,1.000000,3.000000,3.000000,0.235515,0.223548,1,1
requests-pytest-compatibility,cherry_pick,2,1,4,4,1.000000,3.000000,3.000000,0.245731,0.219302,1,1
requests-pytest-compatibility,cherry_pick,2,2,4,4,1.000000,3.000000,3.000000,0.224780,0.215736,1,1
requests-pytest-compatibility,cherry_pick,4,0,4,4,1.000000,5.000000,5.000000,0.328075,0.383699,1,1
requests-pytest-compatibility,cherry_pick,4,1,4,4,1.000000,5.000000,5.000000,0.314735,0.304580,1,1
requests-pytest-compatibility,cherry_pick,4,2,4,4,1.000000,5.000000,5.000000,0.577462,0.369408,1,1
requests-pytest-compatibility,cherry_pick,8,0,4,4,1.000000,9.000000,9.000000,0.508577,0.518572,1,1
requests-pytest-compatibility,cherry_pick,8,1,4,4,1.000000,9.000000,9.000000,0.565013,0.593656,1,1
requests-pytest-compatibility,cherry_pick,8,2,4,4,1.000000,9.000000,9.000000,0.520756,0.477431,1,1
requests-pytest-compatibility,cherry_pick,16,0,4,4,1.000000,17.000000,17.000000,0.927820,0.829733,1,1
requests-pytest-compatibility,cherry_pick,16,1,4,4,1.000000,17.000000,17.000000,0.817705,0.929773,1,1
requests-pytest-compatibility,cherry_pick,16,2,4,4,1.000000,17.000000,17.000000,0.839828,0.820399,1,1
requests-pytest-compatibility,fork,0,0,4,4,1.000000,1.000000,1.000000,0.204428,0.143216,0,0
requests-pytest-compatibility,fork,0,1,4,4,1.000000,1.000000,1.000000,0.191749,0.139270,0,0
requests-pytest-compatibility,fork,0,2,4,4,1.000000,1.000000,1.000000,0.140072,0.131519,0,0
requests-pytest-compatibility,fork,1,0,4,4,1.000000,2.000000,2.000000,0.198309,0.186241,1,1
requests-pytest-compatibility,fork,1,1,4,4,1.000000,2.000000,2.000000,0.191028,0.182075,1,1
requests-pytest-compatibility,fork,1,2,4,4,1.000000,2.000000,2.000000,0.187794,0.198911,1,1
requests-pytest-compatibility,fork,2,0,4,4,1.000000,3.000000,3.000000,0.213502,0.204699,1,2
requests-pytest-compatibility,fork,2,1,4,4,1.000000,3.000000,3.000000,0.271560,0.220293,1,2
requests-pytest-compatibility,fork,2,2,4,4,1.000000,3.000000,3.000000,0.294875,0.245120,1,2
requests-pytest-compatibility,fork,4,0,4,4,1.000000,5.000000,5.000000,0.258470,0.244780,1,4
requests-pytest-compatibility,fork,4,1,4,4,1.000000,5.000000,5.000000,0.255676,0.245540,1,4
requests-pytest-compatibility,fork,4,2,4,4,1.000000,5.000000,5.000000,0.255867,0.249137,1,4
requests-pytest-compatibility,fork,8,0,4,4,1.000000,9.000000,9.000000,0.356148,0.391170,1,8
requests-pytest-compatibility,fork,8,1,4,4,1.000000,9.000000,9.000000,0.397450,0.341175,1,8
requests-pytest-compatibility,fork,8,2,4,4,1.000000,9.000000,9.000000,0.362147,0.329337,1,8
requests-pytest-compatibility,fork,16,0,4,4,1.000000,17.000000,17.000000,0.524542,0.515388,1,16
requests-pytest-compatibility,fork,16,1,4,4,1.000000,17.000000,17.000000,0.573056,0.505914,1,16
requests-pytest-compatibility,fork,16,2,4,4,1.000000,17.000000,17.000000,0.520185,0.528878,1,16
requests-pytest-compatibility,squash,0,0,4,4,1.000000,1.000000,1.000000,0.158069,0.168714,0,0
requests-pytest-compatibility,squash,0,1,4,4,1.000000,1.000000,1.000000,0.155635,0.147312,0,0
requests-pytest-compatibility,squash,0,2,4,4,1.000000,1.000000,1.000000,0.150377,0.175355,0,0
requests-pytest-compatibility,squash,1,0,4,4,1.000000,1.500000,2.000000,0.213111,0.202075,2,1
requests-pytest-compatibility,squash,1,1,4,4,1.000000,1.500000,2.000000,0.226753,0.211960,2,1
requests-pytest-compatibility,squash,1,2,4,4,1.000000,1.500000,2.000000,0.201043,0.211799,2,1
requests-pytest-compatibility,squash,2,0,4,4,1.000000,2.000000,3.000000,0.256828,0.243968,2,1
requests-pytest-compatibility,squash,2,1,4,4,1.000000,2.000000,3.000000,0.290469,0.243858,2,1
requests-pytest-compatibility,squash,2,2,4,4,1.000000,2.000000,3.000000,0.268575,0.244149,2,1
requests-pytest-compatibility,squash,4,0,4,4,1.000000,3.000000,5.000000,0.334375,0.341385,2,1
requests-pytest-compatibility,squash,4,1,4,4,1.000000,3.000000,5.000000,0.338841,0.348416,2,1
requests-pytest-compatibility,squash,4,2,4,4,1.000000,3.000000,5.000000,0.337159,0.367014,2,1
requests-pytest-compatibility,squash,8,0,4,4,1.000000,5.000000,9.000000,0.530150,0.502278,2,1
requests-pytest-compatibility,squash,8,1,4,4,1.000000,5.000000,9.000000,0.512233,0.518263,2,1
requests-pytest-compatibility,squash,8,2,4,4,1.000000,5.000000,9.000000,0.549670,0.511923,2,1
requests-pytest-compatibility,squash,16,0,4,4,1.000000,9.000000,17.000000,0.901381,0.874129,2,1
requests-pytest-compatibility,squash,16,1,4,4,1.000000,9.000000,17.000000,0.910555,0.872187,2,1
requests-pytest-compatibility,squash,16,2,4,4,1.000000,9.000000,17.000000,0.880288,0.880188,2,1
requests-pytest-compatibility,revert,0,0,4,4,1.000000,1.000000,1.000000,0.148134,0.137638,0,0
requests-pytest-compatibility,revert,0,1,4,4,1.000000,1.000000,1.000000,0.139701,0.132400,0,0
requests-pytest-compatibility,revert,0,2,4,4,1.000000,1.000000,1.000000,0.151949,0.131328,0,0
requests-pytest-compatibility,revert,1,0,4,4,1.000000,2.000000,2.000000,0.196887,0.185680,1,1
requests-pytest-compatibility,revert,1,1,4,4,1.000000,2.000000,2.000000,0.204048,0.181214,1,1
requests-pytest-compatibility,revert,1,2,4,4,1.000000,2.000000,2.000000,0.187193,0.180913,1,1
requests-pytest-compatibility,revert,2,0,4,4,1.000000,3.000000,3.000000,0.255235,0.228295,1,1
requests-pytest-compatibility,revert,2,1,4,4,1.000000,3.000000,3.000000,0.255055,0.226772,1,1
requests-pytest-compatibility,revert,2,2,4,4,1.000000,3.000000,3.000000,0.229286,0.240613,1,1
requests-pytest-compatibility,revert,4,0,4,4,1.000000,5.000000,5.000000,0.317930,0.308336,1,1
requests-pytest-compatibility,revert,4,1,4,4,1.000000,5.000000,5.000000,0.315767,0.305822,1,1
requests-pytest-compatibility,revert,4,2,4,4,1.000000,5.000000,5.000000,0.365382,0.378722,1,1
requests-pytest-compatibility,revert,8,0,4,4,1.000000,9.000000,9.000000,0.519755,0.489689,1,1
requests-pytest-compatibility,revert,8,1,4,4,1.000000,9.000000,9.000000,0.569029,0.577281,1,1
requests-pytest-compatibility,revert,8,2,4,4,1.000000,9.000000,9.000000,0.520596,0.489359,1,1
requests-pytest-compatibility,revert,16,0,4,4,1.000000,17.000000,17.000000,0.862602,0.832988,1,1
requests-pytest-compatibility,revert,16,1,4,4,1.000000,17.000000,17.000000,0.855852,0.941031,1,1
requests-pytest-compatibility,revert,16,2,4,4,1.000000,17.000000,17.000000,0.885627,0.853048,1,1
httpx-client-certificate-path,rebase,0,0,11,11,1.000000,1.000000,1.000000,0.225390,0.191880,0,0
httpx-client-certificate-path,rebase,0,1,11,11,1.000000,1.000000,1.000000,0.195135,0.187873,0,0
httpx-client-certificate-path,rebase,0,2,11,11,1.000000,1.000000,1.000000,0.194003,0.196626,0,0
httpx-client-certificate-path,rebase,1,0,11,11,1.000000,2.000000,2.000000,0.274815,0.267804,1,1
httpx-client-certificate-path,rebase,1,1,11,11,1.000000,2.000000,2.000000,0.249016,0.260052,1,1
httpx-client-certificate-path,rebase,1,2,11,11,1.000000,2.000000,2.000000,0.245410,0.236637,1,1
httpx-client-certificate-path,rebase,2,0,11,11,1.000000,3.000000,3.000000,0.303078,0.295736,1,1
httpx-client-certificate-path,rebase,2,1,11,11,1.000000,3.000000,3.000000,0.319252,0.290469,1,1
httpx-client-certificate-path,rebase,2,2,11,11,1.000000,3.000000,3.000000,0.334795,0.290148,1,1
httpx-client-certificate-path,rebase,4,0,11,11,1.000000,5.000000,5.000000,0.406453,0.378962,1,1
httpx-client-certificate-path,rebase,4,1,11,11,1.000000,5.000000,5.000000,0.396068,0.381305,1,1
httpx-client-certificate-path,rebase,4,2,11,11,1.000000,5.000000,5.000000,0.395757,0.397560,1,1
httpx-client-certificate-path,rebase,8,0,11,11,1.000000,9.000000,9.000000,0.588208,0.563631,1,1
httpx-client-certificate-path,rebase,8,1,11,11,1.000000,9.000000,9.000000,0.574357,0.573356,1,1
httpx-client-certificate-path,rebase,8,2,11,11,1.000000,9.000000,9.000000,0.613857,0.578994,1,1
httpx-client-certificate-path,rebase,16,0,11,11,1.000000,17.000000,17.000000,0.960250,0.942993,1,1
httpx-client-certificate-path,rebase,16,1,11,11,1.000000,17.000000,17.000000,0.958808,0.929864,1,1
httpx-client-certificate-path,rebase,16,2,11,11,1.000000,17.000000,17.000000,0.971597,0.940120,1,1
httpx-client-certificate-path,cherry_pick,0,0,11,11,1.000000,1.000000,1.000000,0.212641,0.194093,0,0
httpx-client-certificate-path,cherry_pick,0,1,11,11,1.000000,1.000000,1.000000,0.216977,0.189707,0,0
httpx-client-certificate-path,cherry_pick,0,2,11,11,1.000000,1.000000,1.000000,0.194854,0.185080,0,0
httpx-client-certificate-path,cherry_pick,1,0,11,11,1.000000,2.000000,2.000000,0.286132,0.250908,1,1
httpx-client-certificate-path,cherry_pick,1,1,11,11,1.000000,2.000000,2.000000,0.261795,0.245440,1,1
httpx-client-certificate-path,cherry_pick,1,2,11,11,1.000000,2.000000,2.000000,0.264350,0.238040,1,1
httpx-client-certificate-path,cherry_pick,2,0,11,11,1.000000,3.000000,3.000000,0.546685,0.318811,1,1
httpx-client-certificate-path,cherry_pick,2,1,11,11,1.000000,3.000000,3.000000,0.325592,0.314785,1,1
httpx-client-certificate-path,cherry_pick,2,2,11,11,1.000000,3.000000,3.000000,0.317309,0.290759,1,1
httpx-client-certificate-path,cherry_pick,4,0,11,11,1.000000,5.000000,5.000000,0.499323,0.393875,1,1
httpx-client-certificate-path,cherry_pick,4,1,11,11,1.000000,5.000000,5.000000,0.411261,0.383218,1,1
httpx-client-certificate-path,cherry_pick,4,2,11,11,1.000000,5.000000,5.000000,0.430921,0.382517,1,1
httpx-client-certificate-path,cherry_pick,8,0,11,11,1.000000,9.000000,9.000000,0.575759,0.580497,1,1
httpx-client-certificate-path,cherry_pick,8,1,11,11,1.000000,9.000000,9.000000,0.573366,0.616591,1,1
httpx-client-certificate-path,cherry_pick,8,2,11,11,1.000000,9.000000,9.000000,0.588899,0.571774,1,1
httpx-client-certificate-path,cherry_pick,16,0,11,11,1.000000,17.000000,17.000000,0.964947,0.942123,1,1
httpx-client-certificate-path,cherry_pick,16,1,11,11,1.000000,17.000000,17.000000,0.957826,0.924956,1,1
httpx-client-certificate-path,cherry_pick,16,2,11,11,1.000000,17.000000,17.000000,1.094011,0.936995,1,1
httpx-client-certificate-path,fork,0,0,11,11,1.000000,1.000000,1.000000,0.205270,0.191259,0,0
httpx-client-certificate-path,fork,0,1,11,11,1.000000,1.000000,1.000000,0.218089,0.208985,0,0
httpx-client-certificate-path,fork,0,2,11,11,1.000000,1.000000,1.000000,0.272832,0.224789,0,0
httpx-client-certificate-path,fork,1,0,11,11,1.000000,2.000000,2.000000,0.269938,0.251499,1,1
httpx-client-certificate-path,fork,1,1,11,11,1.000000,2.000000,2.000000,0.251750,0.238260,1,1
httpx-client-certificate-path,fork,1,2,11,11,1.000000,2.000000,2.000000,0.268605,0.243368,1,1
httpx-client-certificate-path,fork,2,0,11,11,1.000000,3.000000,3.000000,0.274785,0.310929,1,2
httpx-client-certificate-path,fork,2,1,11,11,1.000000,3.000000,3.000000,0.276567,0.291931,1,2
httpx-client-certificate-path,fork,2,2,11,11,1.000000,3.000000,3.000000,0.279653,0.266122,1,2
httpx-client-certificate-path,fork,4,0,11,11,1.000000,5.000000,5.000000,0.323939,0.315336,1,4
httpx-client-certificate-path,fork,4,1,11,11,1.000000,5.000000,5.000000,0.329798,0.315427,1,4
httpx-client-certificate-path,fork,4,2,11,11,1.000000,5.000000,5.000000,0.332402,0.320253,1,4
httpx-client-certificate-path,fork,8,0,11,11,1.000000,9.000000,9.000000,0.432784,0.432132,1,8
httpx-client-certificate-path,fork,8,1,11,11,1.000000,9.000000,9.000000,0.422218,0.426423,1,8
httpx-client-certificate-path,fork,8,2,11,11,1.000000,9.000000,9.000000,0.459364,0.411511,1,8
httpx-client-certificate-path,fork,16,0,11,11,1.000000,17.000000,17.000000,0.627538,0.635269,1,16
httpx-client-certificate-path,fork,16,1,11,11,1.000000,17.000000,17.000000,0.672195,0.712346,1,16
httpx-client-certificate-path,fork,16,2,11,11,1.000000,17.000000,17.000000,0.633416,0.644343,1,16
httpx-client-certificate-path,squash,0,0,11,11,1.000000,1.000000,1.000000,0.216457,0.201965,0,0
httpx-client-certificate-path,squash,0,1,11,11,1.000000,1.000000,1.000000,0.204639,0.215726,0,0
httpx-client-certificate-path,squash,0,2,11,11,1.000000,1.000000,1.000000,0.208404,0.201895,0,0
httpx-client-certificate-path,squash,1,0,11,11,1.000000,1.500000,2.000000,0.274965,0.263578,2,1
httpx-client-certificate-path,squash,1,1,11,11,1.000000,1.500000,2.000000,0.288405,0.256487,2,1
httpx-client-certificate-path,squash,1,2,11,11,1.000000,1.500000,2.000000,0.260223,0.274965,2,1
httpx-client-certificate-path,squash,2,0,11,11,1.000000,2.000000,3.000000,0.314304,0.345902,2,1
httpx-client-certificate-path,squash,2,1,11,11,1.000000,2.000000,3.000000,0.317599,0.326323,2,1
httpx-client-certificate-path,squash,2,2,11,11,1.000000,2.000000,3.000000,0.315276,0.395407,2,1
httpx-client-certificate-path,squash,4,0,11,11,1.000000,3.000000,5.000000,0.422458,0.454827,2,1
httpx-client-certificate-path,squash,4,1,11,11,1.000000,3.000000,5.000000,0.453415,0.403129,2,1
httpx-client-certificate-path,squash,4,2,11,11,1.000000,3.000000,5.000000,0.409889,0.397129,2,1
httpx-client-certificate-path,squash,8,0,11,11,1.000000,5.000000,9.000000,0.605654,0.606386,2,1
httpx-client-certificate-path,squash,8,1,11,11,1.000000,5.000000,9.000000,0.599925,0.606606,2,1
httpx-client-certificate-path,squash,8,2,11,11,1.000000,5.000000,9.000000,0.605013,0.606045,2,1
httpx-client-certificate-path,squash,16,0,11,11,1.000000,9.000000,17.000000,1.279451,1.010295,2,1
httpx-client-certificate-path,squash,16,1,11,11,1.000000,9.000000,17.000000,1.139810,0.995453,2,1
httpx-client-certificate-path,squash,16,2,11,11,1.000000,9.000000,17.000000,1.002653,1.015423,2,1
httpx-client-certificate-path,revert,0,0,11,11,1.000000,1.000000,1.000000,0.207784,0.189326,0,0
httpx-client-certificate-path,revert,0,1,11,11,1.000000,1.000000,1.000000,0.202506,0.208645,0,0
httpx-client-certificate-path,revert,0,2,11,11,1.000000,1.000000,1.000000,0.193402,0.184248,0,0
httpx-client-certificate-path,revert,1,0,11,11,1.000000,2.000000,2.000000,0.259582,0.244990,1,1
httpx-client-certificate-path,revert,1,1,11,11,1.000000,2.000000,2.000000,0.265510,0.263879,1,1
httpx-client-certificate-path,revert,1,2,11,11,1.000000,2.000000,2.000000,0.246222,0.275086,1,1
httpx-client-certificate-path,revert,2,0,11,11,1.000000,3.000000,3.000000,0.294574,0.282747,1,1
httpx-client-certificate-path,revert,2,1,11,11,1.000000,3.000000,3.000000,0.301014,0.286773,1,1
httpx-client-certificate-path,revert,2,2,11,11,1.000000,3.000000,3.000000,0.311660,0.288025,1,1
httpx-client-certificate-path,revert,4,0,11,11,1.000000,5.000000,5.000000,0.433174,0.390560,1,1
httpx-client-certificate-path,revert,4,1,11,11,1.000000,5.000000,5.000000,0.394876,0.412082,1,1
httpx-client-certificate-path,revert,4,2,11,11,1.000000,5.000000,5.000000,0.393134,0.407264,1,1
httpx-client-certificate-path,revert,8,0,11,11,1.000000,9.000000,9.000000,0.625735,0.596460,1,1
httpx-client-certificate-path,revert,8,1,11,11,1.000000,9.000000,9.000000,0.793889,0.606586,1,1
httpx-client-certificate-path,revert,8,2,11,11,1.000000,9.000000,9.000000,0.633797,0.574127,1,1
httpx-client-certificate-path,revert,16,0,11,11,1.000000,17.000000,17.000000,1.005217,0.967671,1,1
httpx-client-certificate-path,revert,16,1,11,11,1.000000,17.000000,17.000000,0.974921,1.256176,1,1
httpx-client-certificate-path,revert,16,2,11,11,1.000000,17.000000,17.000000,1.021893,0.962804,1,1
django-reverse-test-sequence,rebase,0,0,4,4,1.000000,1.000000,1.000000,0.154714,0.139270,0,0
django-reverse-test-sequence,rebase,0,1,4,4,1.000000,1.000000,1.000000,0.140883,0.130557,0,0
django-reverse-test-sequence,rebase,0,2,4,4,1.000000,1.000000,1.000000,0.133792,0.130176,0,0
django-reverse-test-sequence,rebase,1,0,4,4,1.000000,2.000000,2.000000,0.231529,0.189276,1,1
django-reverse-test-sequence,rebase,1,1,4,4,1.000000,2.000000,2.000000,0.185781,0.178729,1,1
django-reverse-test-sequence,rebase,1,2,4,4,1.000000,2.000000,2.000000,0.183828,0.175284,1,1
django-reverse-test-sequence,rebase,2,0,4,4,1.000000,3.000000,3.000000,0.325892,0.233242,1,1
django-reverse-test-sequence,rebase,2,1,4,4,1.000000,3.000000,3.000000,0.229126,0.222286,1,1
django-reverse-test-sequence,rebase,2,2,4,4,1.000000,3.000000,3.000000,0.229196,0.220072,1,1
django-reverse-test-sequence,rebase,4,0,4,4,1.000000,5.000000,5.000000,0.387144,0.314875,1,1
django-reverse-test-sequence,rebase,4,1,4,4,1.000000,5.000000,5.000000,0.352021,0.303087,1,1
django-reverse-test-sequence,rebase,4,2,4,4,1.000000,5.000000,5.000000,0.335156,0.306733,1,1
django-reverse-test-sequence,rebase,8,0,4,4,1.000000,9.000000,9.000000,0.775941,0.553455,1,1
django-reverse-test-sequence,rebase,8,1,4,4,1.000000,9.000000,9.000000,0.525633,0.490571,1,1
django-reverse-test-sequence,rebase,8,2,4,4,1.000000,9.000000,9.000000,0.494827,0.503500,1,1
django-reverse-test-sequence,rebase,16,0,4,4,1.000000,17.000000,17.000000,0.873919,0.815030,1,1
django-reverse-test-sequence,rebase,16,1,4,4,1.000000,17.000000,17.000000,0.827098,0.834580,1,1
django-reverse-test-sequence,rebase,16,2,4,4,1.000000,17.000000,17.000000,0.829452,0.819367,1,1
django-reverse-test-sequence,cherry_pick,0,0,4,4,1.000000,1.000000,1.000000,0.142285,0.134564,0,0
django-reverse-test-sequence,cherry_pick,0,1,4,4,1.000000,1.000000,1.000000,0.134763,0.126180,0,0
django-reverse-test-sequence,cherry_pick,0,2,4,4,1.000000,1.000000,1.000000,0.152440,0.128504,0,0
django-reverse-test-sequence,cherry_pick,1,0,4,4,1.000000,2.000000,2.000000,0.188835,0.178019,1,1
django-reverse-test-sequence,cherry_pick,1,1,4,4,1.000000,2.000000,2.000000,0.186061,0.179110,1,1
django-reverse-test-sequence,cherry_pick,1,2,4,4,1.000000,2.000000,2.000000,0.185310,0.196557,1,1
django-reverse-test-sequence,cherry_pick,2,0,4,4,1.000000,3.000000,3.000000,0.225260,0.219421,1,1
django-reverse-test-sequence,cherry_pick,2,1,4,4,1.000000,3.000000,3.000000,0.239301,0.214033,1,1
django-reverse-test-sequence,cherry_pick,2,2,4,4,1.000000,3.000000,3.000000,0.220503,0.228585,1,1
django-reverse-test-sequence,cherry_pick,4,0,4,4,1.000000,5.000000,5.000000,0.309667,0.303518,1,1
django-reverse-test-sequence,cherry_pick,4,1,4,4,1.000000,5.000000,5.000000,0.307544,0.299442,1,1
django-reverse-test-sequence,cherry_pick,4,2,4,4,1.000000,5.000000,5.000000,0.313403,0.300093,1,1
django-reverse-test-sequence,cherry_pick,8,0,4,4,1.000000,9.000000,9.000000,0.474156,0.478903,1,1
django-reverse-test-sequence,cherry_pick,8,1,4,4,1.000000,9.000000,9.000000,0.499054,0.470621,1,1
django-reverse-test-sequence,cherry_pick,8,2,4,4,1.000000,9.000000,9.000000,0.490471,0.480976,1,1
django-reverse-test-sequence,cherry_pick,16,0,4,4,1.000000,17.000000,17.000000,0.862492,0.821891,1,1
django-reverse-test-sequence,cherry_pick,16,1,4,4,1.000000,17.000000,17.000000,0.821380,0.810534,1,1
django-reverse-test-sequence,cherry_pick,16,2,4,4,1.000000,17.000000,17.000000,0.830383,0.816823,1,1
django-reverse-test-sequence,fork,0,0,4,4,1.000000,1.000000,1.000000,0.161544,0.133501,0,0
django-reverse-test-sequence,fork,0,1,4,4,1.000000,1.000000,1.000000,0.142735,0.130527,0,0
django-reverse-test-sequence,fork,0,2,4,4,1.000000,1.000000,1.000000,0.133161,0.147442,0,0
django-reverse-test-sequence,fork,1,0,4,4,1.000000,2.000000,2.000000,0.193953,0.184809,1,1
django-reverse-test-sequence,fork,1,1,4,4,1.000000,2.000000,2.000000,0.184859,0.197909,1,1
django-reverse-test-sequence,fork,1,2,4,4,1.000000,2.000000,2.000000,0.182435,0.174894,1,1
django-reverse-test-sequence,fork,2,0,4,4,1.000000,3.000000,3.000000,0.228305,0.198710,1,2
django-reverse-test-sequence,fork,2,1,4,4,1.000000,3.000000,3.000000,0.204209,0.199311,1,2
django-reverse-test-sequence,fork,2,2,4,4,1.000000,3.000000,3.000000,0.206181,0.198960,1,2
django-reverse-test-sequence,fork,4,0,4,4,1.000000,5.000000,5.000000,0.266683,0.264228,1,4
django-reverse-test-sequence,fork,4,1,4,4,1.000000,5.000000,5.000000,0.244379,0.258951,1,4
django-reverse-test-sequence,fork,4,2,4,4,1.000000,5.000000,5.000000,0.242947,0.239261,1,4
django-reverse-test-sequence,fork,8,0,4,4,1.000000,9.000000,9.000000,0.338892,0.329237,1,8
django-reverse-test-sequence,fork,8,1,4,4,1.000000,9.000000,9.000000,0.336739,0.329828,1,8
django-reverse-test-sequence,fork,8,2,4,4,1.000000,9.000000,9.000000,0.341376,0.327324,1,8
django-reverse-test-sequence,fork,16,0,4,4,1.000000,17.000000,17.000000,0.512334,0.516209,1,16
django-reverse-test-sequence,fork,16,1,4,4,1.000000,17.000000,17.000000,0.528578,0.489829,1,16
django-reverse-test-sequence,fork,16,2,4,4,1.000000,17.000000,17.000000,0.510120,0.517001,1,16
django-reverse-test-sequence,squash,0,0,4,4,1.000000,1.000000,1.000000,0.170698,0.145109,0,0
django-reverse-test-sequence,squash,0,1,4,4,1.000000,1.000000,1.000000,0.149976,0.141443,0,0
django-reverse-test-sequence,squash,0,2,4,4,1.000000,1.000000,1.000000,0.144909,0.155815,0,0
django-reverse-test-sequence,squash,1,0,4,4,1.000000,1.500000,2.000000,0.213793,0.198519,2,1
django-reverse-test-sequence,squash,1,1,4,4,1.000000,1.500000,2.000000,0.221785,0.219341,2,1
django-reverse-test-sequence,squash,1,2,4,4,1.000000,1.500000,2.000000,0.201334,0.194243,2,1
django-reverse-test-sequence,squash,2,0,4,4,1.000000,2.000000,3.000000,0.248756,0.241595,2,1
django-reverse-test-sequence,squash,2,1,4,4,1.000000,2.000000,3.000000,0.270398,0.244709,2,1
django-reverse-test-sequence,squash,2,2,4,4,1.000000,2.000000,3.000000,0.245281,0.260524,2,1
django-reverse-test-sequence,squash,4,0,4,4,1.000000,3.000000,5.000000,0.337469,0.340975,2,1
django-reverse-test-sequence,squash,4,1,4,4,1.000000,3.000000,5.000000,0.337019,0.346443,2,1
django-reverse-test-sequence,squash,4,2,4,4,1.000000,3.000000,5.000000,0.331180,0.339562,2,1
django-reverse-test-sequence,squash,8,0,4,4,1.000000,5.000000,9.000000,0.524953,0.501747,2,1
django-reverse-test-sequence,squash,8,1,4,4,1.000000,5.000000,9.000000,1.058768,0.545163,2,1
django-reverse-test-sequence,squash,8,2,4,4,1.000000,5.000000,9.000000,0.532294,0.535909,2,1
django-reverse-test-sequence,squash,16,0,4,4,1.000000,9.000000,17.000000,0.934110,0.865246,2,1
django-reverse-test-sequence,squash,16,1,4,4,1.000000,9.000000,17.000000,0.958627,0.921882,2,1
django-reverse-test-sequence,squash,16,2,4,4,1.000000,9.000000,17.000000,1.208685,0.880870,2,1
django-reverse-test-sequence,revert,0,0,4,4,1.000000,1.000000,1.000000,0.148845,0.135855,0,0
django-reverse-test-sequence,revert,0,1,4,4,1.000000,1.000000,1.000000,0.154924,0.256728,0,0
django-reverse-test-sequence,revert,0,2,4,4,1.000000,1.000000,1.000000,0.143217,0.136345,0,0
django-reverse-test-sequence,revert,1,0,4,4,1.000000,2.000000,2.000000,0.196447,0.233112,1,1
django-reverse-test-sequence,revert,1,1,4,4,1.000000,2.000000,2.000000,0.190868,0.178189,1,1
django-reverse-test-sequence,revert,1,2,4,4,1.000000,2.000000,2.000000,0.204168,0.178530,1,1
django-reverse-test-sequence,revert,2,0,4,4,1.000000,3.000000,3.000000,0.227363,0.221134,1,1
django-reverse-test-sequence,revert,2,1,4,4,1.000000,3.000000,3.000000,0.237269,0.224910,1,1
django-reverse-test-sequence,revert,2,2,4,4,1.000000,3.000000,3.000000,0.250028,0.220243,1,1
django-reverse-test-sequence,revert,4,0,4,4,1.000000,5.000000,5.000000,0.312372,0.326323,1,1
django-reverse-test-sequence,revert,4,1,4,4,1.000000,5.000000,5.000000,0.314485,0.322697,1,1
django-reverse-test-sequence,revert,4,2,4,4,1.000000,5.000000,5.000000,0.309517,0.339543,1,1
django-reverse-test-sequence,revert,8,0,4,4,1.000000,9.000000,9.000000,0.507857,0.483309,1,1
django-reverse-test-sequence,revert,8,1,4,4,1.000000,9.000000,9.000000,0.490200,0.494075,1,1
django-reverse-test-sequence,revert,8,2,4,4,1.000000,9.000000,9.000000,0.487987,0.526655,1,1
django-reverse-test-sequence,revert,16,0,4,4,1.000000,17.000000,17.000000,0.827870,0.839718,1,1
django-reverse-test-sequence,revert,16,1,4,4,1.000000,17.000000,17.000000,0.916664,0.834701,1,1
django-reverse-test-sequence,revert,16,2,4,4,1.000000,17.000000,17.000000,0.824094,0.824374,1,1
fastapi-metadata-typo,rebase,0,0,4,4,1.000000,1.000000,1.000000,0.152851,0.135074,0,0
fastapi-metadata-typo,rebase,0,1,4,4,1.000000,1.000000,1.000000,0.139351,0.129435,0,0
fastapi-metadata-typo,rebase,0,2,4,4,1.000000,1.000000,1.000000,0.132961,0.127823,0,0
fastapi-metadata-typo,rebase,1,0,4,4,1.000000,2.000000,2.000000,0.210418,0.183027,1,1
fastapi-metadata-typo,rebase,1,1,4,4,1.000000,2.000000,2.000000,0.181243,0.173482,1,1
fastapi-metadata-typo,rebase,1,2,4,4,1.000000,2.000000,2.000000,0.200162,0.174493,1,1
fastapi-metadata-typo,rebase,2,0,4,4,1.000000,3.000000,3.000000,0.226913,0.236618,1,1
fastapi-metadata-typo,rebase,2,1,4,4,1.000000,3.000000,3.000000,0.229707,0.217568,1,1
fastapi-metadata-typo,rebase,2,2,4,4,1.000000,3.000000,3.000000,0.243117,0.218050,1,1
fastapi-metadata-typo,rebase,4,0,4,4,1.000000,5.000000,5.000000,0.308816,0.421005,1,1
fastapi-metadata-typo,rebase,4,1,4,4,1.000000,5.000000,5.000000,0.365933,0.318371,1,1
fastapi-metadata-typo,rebase,4,2,4,4,1.000000,5.000000,5.000000,0.327986,0.364911,1,1
fastapi-metadata-typo,rebase,8,0,4,4,1.000000,9.000000,9.000000,0.537101,0.478132,1,1
fastapi-metadata-typo,rebase,8,1,4,4,1.000000,9.000000,9.000000,0.500065,0.687457,1,1
fastapi-metadata-typo,rebase,8,2,4,4,1.000000,9.000000,9.000000,0.556390,0.520806,1,1
fastapi-metadata-typo,rebase,16,0,4,4,1.000000,17.000000,17.000000,0.936775,0.815111,1,1
fastapi-metadata-typo,rebase,16,1,4,4,1.000000,17.000000,17.000000,0.840779,0.795802,1,1
fastapi-metadata-typo,rebase,16,2,4,4,1.000000,17.000000,17.000000,0.825826,0.830654,1,1
fastapi-metadata-typo,cherry_pick,0,0,4,4,1.000000,1.000000,1.000000,0.151088,0.137999,0,0
fastapi-metadata-typo,cherry_pick,0,1,4,4,1.000000,1.000000,1.000000,0.136416,0.128474,0,0
fastapi-metadata-typo,cherry_pick,0,2,4,4,1.000000,1.000000,1.000000,0.135564,0.129455,0,0
fastapi-metadata-typo,cherry_pick,1,0,4,4,1.000000,2.000000,2.000000,0.193322,0.181063,1,1
fastapi-metadata-typo,cherry_pick,1,1,4,4,1.000000,2.000000,2.000000,0.186611,0.178780,1,1
fastapi-metadata-typo,cherry_pick,1,2,4,4,1.000000,2.000000,2.000000,0.181645,0.274635,1,1
fastapi-metadata-typo,cherry_pick,2,0,4,4,1.000000,3.000000,3.000000,0.241775,0.225701,1,1
fastapi-metadata-typo,cherry_pick,2,1,4,4,1.000000,3.000000,3.000000,0.234044,0.219601,1,1
fastapi-metadata-typo,cherry_pick,2,2,4,4,1.000000,3.000000,3.000000,0.244820,0.220603,1,1
fastapi-metadata-typo,cherry_pick,4,0,4,4,1.000000,5.000000,5.000000,0.308205,0.317680,1,1
fastapi-metadata-typo,cherry_pick,4,1,4,4,1.000000,5.000000,5.000000,0.305431,0.315827,1,1
fastapi-metadata-typo,cherry_pick,4,2,4,4,1.000000,5.000000,5.000000,0.309006,0.315947,1,1
fastapi-metadata-typo,cherry_pick,8,0,4,4,1.000000,9.000000,9.000000,0.476850,0.481066,1,1
fastapi-metadata-typo,cherry_pick,8,1,4,4,1.000000,9.000000,9.000000,0.498422,0.459444,1,1
fastapi-metadata-typo,cherry_pick,8,2,4,4,1.000000,9.000000,9.000000,0.477280,0.480245,1,1
fastapi-metadata-typo,cherry_pick,16,0,4,4,1.000000,17.000000,17.000000,0.856683,0.853258,1,1
fastapi-metadata-typo,cherry_pick,16,1,4,4,1.000000,17.000000,17.000000,0.858265,0.811745,1,1
fastapi-metadata-typo,cherry_pick,16,2,4,4,1.000000,17.000000,17.000000,0.810183,0.812276,1,1
fastapi-metadata-typo,fork,0,0,4,4,1.000000,1.000000,1.000000,0.140072,0.133772,0,0
fastapi-metadata-typo,fork,0,1,4,4,1.000000,1.000000,1.000000,0.149716,0.128003,0,0
fastapi-metadata-typo,fork,0,2,4,4,1.000000,1.000000,1.000000,0.131629,0.125760,0,0
fastapi-metadata-typo,fork,1,0,4,4,1.000000,2.000000,2.000000,0.204109,0.186923,1,1
fastapi-metadata-typo,fork,1,1,4,4,1.000000,2.000000,2.000000,0.196246,0.178119,1,1
fastapi-metadata-typo,fork,1,2,4,4,1.000000,2.000000,2.000000,0.201364,0.207443,1,1
fastapi-metadata-typo,fork,2,0,4,4,1.000000,3.000000,3.000000,0.205099,0.199511,1,2
fastapi-metadata-typo,fork,2,1,4,4,1.000000,3.000000,3.000000,0.210278,0.196176,1,2
fastapi-metadata-typo,fork,2,2,4,4,1.000000,3.000000,3.000000,0.218930,0.199661,1,2
fastapi-metadata-typo,fork,4,0,4,4,1.000000,5.000000,5.000000,0.245621,0.242617,1,4
fastapi-metadata-typo,fork,4,1,4,4,1.000000,5.000000,5.000000,0.244709,0.240022,1,4
fastapi-metadata-typo,fork,4,2,4,4,1.000000,5.000000,5.000000,0.282947,0.239542,1,4
fastapi-metadata-typo,fork,8,0,4,4,1.000000,9.000000,9.000000,0.353694,0.324400,1,8
fastapi-metadata-typo,fork,8,1,4,4,1.000000,9.000000,9.000000,0.351410,0.321756,1,8
fastapi-metadata-typo,fork,8,2,4,4,1.000000,9.000000,9.000000,0.344630,0.320233,1,8
fastapi-metadata-typo,fork,16,0,4,4,1.000000,17.000000,17.000000,0.541268,0.491272,1,16
fastapi-metadata-typo,fork,16,1,4,4,1.000000,17.000000,17.000000,0.508528,0.508598,1,16
fastapi-metadata-typo,fork,16,2,4,4,1.000000,17.000000,17.000000,0.518022,0.487276,1,16
fastapi-metadata-typo,squash,0,0,4,4,1.000000,1.000000,1.000000,0.155144,0.143186,0,0
fastapi-metadata-typo,squash,0,1,4,4,1.000000,1.000000,1.000000,0.162436,0.141574,0,0
fastapi-metadata-typo,squash,0,2,4,4,1.000000,1.000000,1.000000,0.142715,0.138058,0,0
fastapi-metadata-typo,squash,1,0,4,4,1.000000,1.500000,2.000000,0.204789,0.214434,2,1
fastapi-metadata-typo,squash,1,1,4,4,1.000000,1.500000,2.000000,0.200683,0.191449,2,1
fastapi-metadata-typo,squash,1,2,4,4,1.000000,1.500000,2.000000,0.203377,0.195004,2,1
fastapi-metadata-typo,squash,2,0,4,4,1.000000,2.000000,3.000000,0.245741,0.255185,2,1
fastapi-metadata-typo,squash,2,1,4,4,1.000000,2.000000,3.000000,0.247674,0.237047,2,1
fastapi-metadata-typo,squash,2,2,4,4,1.000000,2.000000,3.000000,0.247694,0.237648,2,1
fastapi-metadata-typo,squash,4,0,4,4,1.000000,3.000000,5.000000,0.350519,0.324269,2,1
fastapi-metadata-typo,squash,4,1,4,4,1.000000,3.000000,5.000000,0.344891,0.325581,2,1
fastapi-metadata-typo,squash,4,2,4,4,1.000000,3.000000,5.000000,0.377751,0.323338,2,1
fastapi-metadata-typo,squash,8,0,4,4,1.000000,5.000000,9.000000,0.531632,0.505073,2,1
fastapi-metadata-typo,squash,8,1,4,4,1.000000,5.000000,9.000000,0.522418,0.503751,2,1
fastapi-metadata-typo,squash,8,2,4,4,1.000000,5.000000,9.000000,0.532614,0.731764,2,1
fastapi-metadata-typo,squash,16,0,4,4,1.000000,9.000000,17.000000,0.895031,0.937195,2,1
fastapi-metadata-typo,squash,16,1,4,4,1.000000,9.000000,17.000000,0.893218,0.860860,2,1
fastapi-metadata-typo,squash,16,2,4,4,1.000000,9.000000,17.000000,0.876834,0.866068,2,1
fastapi-metadata-typo,revert,0,0,4,4,1.000000,1.000000,1.000000,0.149606,0.133892,0,0
fastapi-metadata-typo,revert,0,1,4,4,1.000000,1.000000,1.000000,0.139110,0.133702,0,0
fastapi-metadata-typo,revert,0,2,4,4,1.000000,1.000000,1.000000,0.131629,0.125650,0,0
fastapi-metadata-typo,revert,1,0,4,4,1.000000,2.000000,2.000000,0.215535,0.185811,1,1
fastapi-metadata-typo,revert,1,1,4,4,1.000000,2.000000,2.000000,0.181814,0.179741,1,1
fastapi-metadata-typo,revert,1,2,4,4,1.000000,2.000000,2.000000,0.211630,0.181084,1,1
fastapi-metadata-typo,revert,2,0,4,4,1.000000,3.000000,3.000000,0.252531,0.243468,1,1
fastapi-metadata-typo,revert,2,1,4,4,1.000000,3.000000,3.000000,0.227253,0.219491,1,1
fastapi-metadata-typo,revert,2,2,4,4,1.000000,3.000000,3.000000,0.230298,0.218420,1,1
fastapi-metadata-typo,revert,4,0,4,4,1.000000,5.000000,5.000000,0.330740,0.303738,1,1
fastapi-metadata-typo,revert,4,1,4,4,1.000000,5.000000,5.000000,0.327885,0.328045,1,1
fastapi-metadata-typo,revert,4,2,4,4,1.000000,5.000000,5.000000,0.339903,0.307654,1,1
fastapi-metadata-typo,revert,8,0,4,4,1.000000,9.000000,9.000000,0.726317,0.549160,1,1
fastapi-metadata-typo,revert,8,1,4,4,1.000000,9.000000,9.000000,0.581057,0.530791,1,1
fastapi-metadata-typo,revert,8,2,4,4,1.000000,9.000000,9.000000,0.495668,0.500456,1,1
fastapi-metadata-typo,revert,16,0,4,4,1.000000,17.000000,17.000000,0.849893,0.845817,1,1
fastapi-metadata-typo,revert,16,1,4,4,1.000000,17.000000,17.000000,0.847510,0.801620,1,1
fastapi-metadata-typo,revert,16,2,4,4,1.000000,17.000000,17.000000,0.851285,0.828671,1,1
serde-json-buffered-reader,rebase,0,0,10,10,1.000000,1.000000,1.000000,0.153461,0.143497,0,0
serde-json-buffered-reader,rebase,0,1,10,10,1.000000,1.000000,1.000000,0.134263,0.127492,0,0
serde-json-buffered-reader,rebase,0,2,10,10,1.000000,1.000000,1.000000,0.136195,0.127733,0,0
serde-json-buffered-reader,rebase,1,0,10,10,1.000000,2.000000,2.000000,0.196187,0.185130,1,1
serde-json-buffered-reader,rebase,1,1,10,10,1.000000,2.000000,2.000000,0.219271,0.179841,1,1
serde-json-buffered-reader,rebase,1,2,10,10,1.000000,2.000000,2.000000,0.182335,0.177969,1,1
serde-json-buffered-reader,rebase,2,0,10,10,1.000000,3.000000,3.000000,0.229777,0.223818,1,1
serde-json-buffered-reader,rebase,2,1,10,10,1.000000,3.000000,3.000000,0.242065,0.221564,1,1
serde-json-buffered-reader,rebase,2,2,10,10,1.000000,3.000000,3.000000,0.223548,0.231589,1,1
serde-json-buffered-reader,rebase,4,0,10,10,1.000000,5.000000,5.000000,0.330278,0.332032,1,1
serde-json-buffered-reader,rebase,4,1,10,10,1.000000,5.000000,5.000000,0.314825,0.321456,1,1
serde-json-buffered-reader,rebase,4,2,10,10,1.000000,5.000000,5.000000,0.311410,0.300213,1,1
serde-json-buffered-reader,rebase,8,0,10,10,1.000000,9.000000,9.000000,0.570351,0.514757,1,1
serde-json-buffered-reader,rebase,8,1,10,10,1.000000,9.000000,9.000000,0.554327,0.478202,1,1
serde-json-buffered-reader,rebase,8,2,10,10,1.000000,9.000000,9.000000,0.546556,0.490080,1,1
serde-json-buffered-reader,rebase,16,0,10,10,1.000000,17.000000,17.000000,1.122315,0.845596,1,1
serde-json-buffered-reader,rebase,16,1,10,10,1.000000,17.000000,17.000000,0.865466,0.822692,1,1
serde-json-buffered-reader,rebase,16,2,10,10,1.000000,17.000000,17.000000,0.835742,0.810183,1,1
serde-json-buffered-reader,cherry_pick,0,0,10,10,1.000000,1.000000,1.000000,0.149555,0.148194,0,0
serde-json-buffered-reader,cherry_pick,0,1,10,10,1.000000,1.000000,1.000000,0.132830,0.130577,0,0
serde-json-buffered-reader,cherry_pick,0,2,10,10,1.000000,1.000000,1.000000,0.131729,0.128204,0,0
serde-json-buffered-reader,cherry_pick,1,0,10,10,1.000000,2.000000,2.000000,0.211369,0.179911,1,1
serde-json-buffered-reader,cherry_pick,1,1,10,10,1.000000,2.000000,2.000000,0.180242,0.192851,1,1
serde-json-buffered-reader,cherry_pick,1,2,10,10,1.000000,2.000000,2.000000,0.177077,0.170828,1,1
serde-json-buffered-reader,cherry_pick,2,0,10,10,1.000000,3.000000,3.000000,0.237669,0.219541,1,1
serde-json-buffered-reader,cherry_pick,2,1,10,10,1.000000,3.000000,3.000000,0.225991,0.214694,1,1
serde-json-buffered-reader,cherry_pick,2,2,10,10,1.000000,3.000000,3.000000,0.227614,0.221374,1,1
serde-json-buffered-reader,cherry_pick,4,0,10,10,1.000000,5.000000,5.000000,0.341716,0.307684,1,1
serde-json-buffered-reader,cherry_pick,4,1,10,10,1.000000,5.000000,5.000000,0.325722,0.307314,1,1
serde-json-buffered-reader,cherry_pick,4,2,10,10,1.000000,5.000000,5.000000,0.325261,0.299382,1,1
serde-json-buffered-reader,cherry_pick,8,0,10,10,1.000000,9.000000,9.000000,0.491302,0.471412,1,1
serde-json-buffered-reader,cherry_pick,8,1,10,10,1.000000,9.000000,9.000000,0.479794,0.476760,1,1
serde-json-buffered-reader,cherry_pick,8,2,10,10,1.000000,9.000000,9.000000,0.485513,0.465833,1,1
serde-json-buffered-reader,cherry_pick,16,0,10,10,1.000000,17.000000,17.000000,0.815431,0.827129,1,1
serde-json-buffered-reader,cherry_pick,16,1,10,10,1.000000,17.000000,17.000000,0.855702,0.810063,1,1
serde-json-buffered-reader,cherry_pick,16,2,10,10,1.000000,17.000000,17.000000,0.837704,0.801480,1,1
serde-json-buffered-reader,fork,0,0,10,10,1.000000,1.000000,1.000000,0.142115,0.130096,0,0
serde-json-buffered-reader,fork,0,1,10,10,1.000000,1.000000,1.000000,0.153481,0.129926,0,0
serde-json-buffered-reader,fork,0,2,10,10,1.000000,1.000000,1.000000,0.132419,0.127212,0,0
serde-json-buffered-reader,fork,1,0,10,10,1.000000,2.000000,2.000000,0.189456,0.199441,1,1
serde-json-buffered-reader,fork,1,1,10,10,1.000000,2.000000,2.000000,0.197148,0.181193,1,1
serde-json-buffered-reader,fork,1,2,10,10,1.000000,2.000000,2.000000,0.201314,0.180593,1,1
serde-json-buffered-reader,fork,2,0,10,10,1.000000,3.000000,3.000000,0.205961,0.217578,1,2
serde-json-buffered-reader,fork,2,1,10,10,1.000000,3.000000,3.000000,0.210317,0.195225,1,2
serde-json-buffered-reader,fork,2,2,10,10,1.000000,3.000000,3.000000,0.219511,0.195645,1,2
serde-json-buffered-reader,fork,4,0,10,10,1.000000,5.000000,5.000000,0.250989,0.251940,1,4
serde-json-buffered-reader,fork,4,1,10,10,1.000000,5.000000,5.000000,0.257619,0.241445,1,4
serde-json-buffered-reader,fork,4,2,10,10,1.000000,5.000000,5.000000,0.250598,0.239542,1,4
serde-json-buffered-reader,fork,8,0,10,10,1.000000,9.000000,9.000000,0.355857,0.321685,1,8
serde-json-buffered-reader,fork,8,1,10,10,1.000000,9.000000,9.000000,0.345021,0.318030,1,8
serde-json-buffered-reader,fork,8,2,10,10,1.000000,9.000000,9.000000,0.366654,0.593787,1,8
serde-json-buffered-reader,fork,16,0,10,10,1.000000,17.000000,17.000000,0.522328,0.511271,1,16
serde-json-buffered-reader,fork,16,1,10,10,1.000000,17.000000,17.000000,0.604162,0.509720,1,16
serde-json-buffered-reader,fork,16,2,10,10,1.000000,17.000000,17.000000,0.530290,0.510310,1,16
serde-json-buffered-reader,squash,0,0,10,10,1.000000,1.000000,1.000000,0.229436,0.318251,0,0
serde-json-buffered-reader,squash,0,1,10,10,1.000000,1.000000,1.000000,0.158360,0.147924,0,0
serde-json-buffered-reader,squash,0,2,10,10,1.000000,1.000000,1.000000,0.152781,0.161694,0,0
serde-json-buffered-reader,squash,1,0,10,10,1.000000,1.500000,2.000000,0.222776,0.204038,2,1
serde-json-buffered-reader,squash,1,1,10,10,1.000000,1.500000,2.000000,0.225991,0.200012,2,1
serde-json-buffered-reader,squash,1,2,10,10,1.000000,1.500000,2.000000,0.206632,0.264279,2,1
serde-json-buffered-reader,squash,2,0,10,10,1.000000,2.000000,3.000000,0.258019,0.246963,2,1
serde-json-buffered-reader,squash,2,1,10,10,1.000000,2.000000,3.000000,0.273633,0.241104,2,1
serde-json-buffered-reader,squash,2,2,10,10,1.000000,2.000000,3.000000,0.257850,0.263347,2,1
serde-json-buffered-reader,squash,4,0,10,10,1.000000,3.000000,5.000000,0.338501,0.347455,2,1
serde-json-buffered-reader,squash,4,1,10,10,1.000000,3.000000,5.000000,0.400735,0.384881,2,1
serde-json-buffered-reader,squash,4,2,10,10,1.000000,3.000000,5.000000,0.360425,0.329267,2,1
serde-json-buffered-reader,squash,8,0,10,10,1.000000,5.000000,9.000000,0.552013,0.497932,2,1
serde-json-buffered-reader,squash,8,1,10,10,1.000000,5.000000,9.000000,0.563641,0.548528,2,1
serde-json-buffered-reader,squash,8,2,10,10,1.000000,5.000000,9.000000,0.525233,0.499063,2,1
serde-json-buffered-reader,squash,16,0,10,10,1.000000,9.000000,17.000000,1.085588,0.963234,2,1
serde-json-buffered-reader,squash,16,1,10,10,1.000000,9.000000,17.000000,1.013661,0.864646,2,1
serde-json-buffered-reader,squash,16,2,10,10,1.000000,9.000000,17.000000,0.918397,0.875372,2,1
serde-json-buffered-reader,revert,0,0,10,10,1.000000,1.000000,1.000000,0.161785,0.136366,0,0
serde-json-buffered-reader,revert,0,1,10,10,1.000000,1.000000,1.000000,0.133071,0.131969,0,0
serde-json-buffered-reader,revert,0,2,10,10,1.000000,1.000000,1.000000,0.238430,0.169787,0,0
serde-json-buffered-reader,revert,1,0,10,10,1.000000,2.000000,2.000000,0.203107,0.189206,1,1
serde-json-buffered-reader,revert,1,1,10,10,1.000000,2.000000,2.000000,0.201544,0.177057,1,1
serde-json-buffered-reader,revert,1,2,10,10,1.000000,2.000000,2.000000,0.177719,0.171559,1,1
serde-json-buffered-reader,revert,2,0,10,10,1.000000,3.000000,3.000000,0.420455,0.230629,1,1
serde-json-buffered-reader,revert,2,1,10,10,1.000000,3.000000,3.000000,0.277269,0.225891,1,1
serde-json-buffered-reader,revert,2,2,10,10,1.000000,3.000000,3.000000,0.298070,0.260173,1,1
serde-json-buffered-reader,revert,4,0,10,10,1.000000,5.000000,5.000000,0.315577,0.323698,1,1
serde-json-buffered-reader,revert,4,1,10,10,1.000000,5.000000,5.000000,0.314024,0.383930,1,1
serde-json-buffered-reader,revert,4,2,10,10,1.000000,5.000000,5.000000,0.329337,0.352733,1,1
serde-json-buffered-reader,revert,8,0,10,10,1.000000,9.000000,9.000000,0.617402,0.705165,1,1
serde-json-buffered-reader,revert,8,1,10,10,1.000000,9.000000,9.000000,0.502438,0.604212,1,1
serde-json-buffered-reader,revert,8,2,10,10,1.000000,9.000000,9.000000,0.537321,0.573797,1,1
serde-json-buffered-reader,revert,16,0,10,10,1.000000,17.000000,17.000000,0.850725,0.854740,1,1
serde-json-buffered-reader,revert,16,1,10,10,1.000000,17.000000,17.000000,0.902362,0.856012,1,1
serde-json-buffered-reader,revert,16,2,10,10,1.000000,17.000000,17.000000,0.864996,0.828240,1,1
ripgrep-json-statistics,rebase,0,0,9,9,1.000000,1.000000,1.000000,0.212981,0.193472,0,0
ripgrep-json-statistics,rebase,0,1,9,9,1.000000,1.000000,1.000000,0.212761,0.189085,0,0
ripgrep-json-statistics,rebase,0,2,9,9,1.000000,1.000000,1.000000,0.194163,0.184208,0,0
ripgrep-json-statistics,rebase,1,0,9,9,1.000000,2.000000,2.000000,0.282807,0.246562,1,1
ripgrep-json-statistics,rebase,1,1,9,9,1.000000,2.000000,2.000000,0.263708,0.235125,1,1
ripgrep-json-statistics,rebase,1,2,9,9,1.000000,2.000000,2.000000,0.322066,0.284379,1,1
ripgrep-json-statistics,rebase,2,0,9,9,1.000000,3.000000,3.000000,0.301035,0.309116,1,1
ripgrep-json-statistics,rebase,2,1,9,9,1.000000,3.000000,3.000000,0.301165,0.280333,1,1
ripgrep-json-statistics,rebase,2,2,9,9,1.000000,3.000000,3.000000,0.298430,0.282016,1,1
ripgrep-json-statistics,rebase,4,0,9,9,1.000000,5.000000,5.000000,0.406564,0.482798,1,1
ripgrep-json-statistics,rebase,4,1,9,9,1.000000,5.000000,5.000000,0.507906,0.387385,1,1
ripgrep-json-statistics,rebase,4,2,9,9,1.000000,5.000000,5.000000,0.455768,0.390980,1,1
ripgrep-json-statistics,rebase,8,0,9,9,1.000000,9.000000,9.000000,0.567086,0.660017,1,1
ripgrep-json-statistics,rebase,8,1,9,9,1.000000,9.000000,9.000000,0.586946,0.863273,1,1
ripgrep-json-statistics,rebase,8,2,9,9,1.000000,9.000000,9.000000,0.616701,0.745836,1,1
ripgrep-json-statistics,rebase,16,0,9,9,1.000000,17.000000,17.000000,1.201394,0.973430,1,1
ripgrep-json-statistics,rebase,16,1,9,9,1.000000,17.000000,17.000000,0.959909,0.936805,1,1
ripgrep-json-statistics,rebase,16,2,9,9,1.000000,17.000000,17.000000,0.927681,0.922543,1,1
ripgrep-json-statistics,cherry_pick,0,0,9,9,1.000000,1.000000,1.000000,0.201925,0.202075,0,0
ripgrep-json-statistics,cherry_pick,0,1,9,9,1.000000,1.000000,1.000000,0.193822,0.181544,0,0
ripgrep-json-statistics,cherry_pick,0,2,9,9,1.000000,1.000000,1.000000,0.211930,0.183947,0,0
ripgrep-json-statistics,cherry_pick,1,0,9,9,1.000000,2.000000,2.000000,0.252120,0.257489,1,1
ripgrep-json-statistics,cherry_pick,1,1,9,9,1.000000,2.000000,2.000000,0.243959,0.233152,1,1
ripgrep-json-statistics,cherry_pick,1,2,9,9,1.000000,2.000000,2.000000,0.252170,0.234754,1,1
ripgrep-json-statistics,cherry_pick,2,0,9,9,1.000000,3.000000,3.000000,0.310499,0.307975,1,1
ripgrep-json-statistics,cherry_pick,2,1,9,9,1.000000,3.000000,3.000000,0.302917,0.282757,1,1
ripgrep-json-statistics,cherry_pick,2,2,9,9,1.000000,3.000000,3.000000,0.285200,0.294175,1,1
ripgrep-json-statistics,cherry_pick,4,0,9,9,1.000000,5.000000,5.000000,0.380925,0.382758,1,1
ripgrep-json-statistics,cherry_pick,4,1,9,9,1.000000,5.000000,5.000000,0.390139,0.387284,1,1
ripgrep-json-statistics,cherry_pick,4,2,9,9,1.000000,5.000000,5.000000,0.396989,0.381045,1,1
ripgrep-json-statistics,cherry_pick,8,0,9,9,1.000000,9.000000,9.000000,0.576631,0.561247,1,1
ripgrep-json-statistics,cherry_pick,8,1,9,9,1.000000,9.000000,9.000000,0.593456,0.554847,1,1
ripgrep-json-statistics,cherry_pick,8,2,9,9,1.000000,9.000000,9.000000,0.566285,0.567266,1,1
ripgrep-json-statistics,cherry_pick,16,0,9,9,1.000000,17.000000,17.000000,0.936113,0.935372,1,1
ripgrep-json-statistics,cherry_pick,16,1,9,9,1.000000,17.000000,17.000000,0.937686,0.927130,1,1
ripgrep-json-statistics,cherry_pick,16,2,9,9,1.000000,17.000000,17.000000,0.940150,0.935472,1,1
ripgrep-json-statistics,fork,0,0,9,9,1.000000,1.000000,1.000000,0.200332,0.186762,0,0
ripgrep-json-statistics,fork,0,1,9,9,1.000000,1.000000,1.000000,0.214954,0.185690,0,0
ripgrep-json-statistics,fork,0,2,9,9,1.000000,1.000000,1.000000,0.189035,0.206171,0,0
ripgrep-json-statistics,fork,1,0,9,9,1.000000,2.000000,2.000000,0.255216,0.240323,1,1
ripgrep-json-statistics,fork,1,1,9,9,1.000000,2.000000,2.000000,0.249397,0.235525,1,1
ripgrep-json-statistics,fork,1,2,9,9,1.000000,2.000000,2.000000,0.261445,0.234955,1,1
ripgrep-json-statistics,fork,2,0,9,9,1.000000,3.000000,3.000000,0.267845,0.279683,1,2
ripgrep-json-statistics,fork,2,1,9,9,1.000000,3.000000,3.000000,0.273873,0.276718,1,2
ripgrep-json-statistics,fork,2,2,9,9,1.000000,3.000000,3.000000,0.273634,0.261175,1,2
ripgrep-json-statistics,fork,4,0,9,9,1.000000,5.000000,5.000000,0.318101,0.306393,1,4
ripgrep-json-statistics,fork,4,1,9,9,1.000000,5.000000,5.000000,0.320935,0.305201,1,4
ripgrep-json-statistics,fork,4,2,9,9,1.000000,5.000000,5.000000,0.339102,0.307745,1,4
ripgrep-json-statistics,fork,8,0,9,9,1.000000,9.000000,9.000000,0.424721,0.407375,1,8
ripgrep-json-statistics,fork,8,1,9,9,1.000000,9.000000,9.000000,0.417391,0.430099,1,8
ripgrep-json-statistics,fork,8,2,9,9,1.000000,9.000000,9.000000,0.432764,0.430750,1,8
ripgrep-json-statistics,fork,16,0,9,9,1.000000,17.000000,17.000000,0.645144,0.640277,1,16
ripgrep-json-statistics,fork,16,1,9,9,1.000000,17.000000,17.000000,0.627287,0.737203,1,16
ripgrep-json-statistics,fork,16,2,9,9,1.000000,17.000000,17.000000,0.623351,0.628178,1,16
ripgrep-json-statistics,squash,0,0,9,9,1.000000,1.000000,1.000000,0.214033,0.200813,0,0
ripgrep-json-statistics,squash,0,1,9,9,1.000000,1.000000,1.000000,0.205460,0.214384,0,0
ripgrep-json-statistics,squash,0,2,9,9,1.000000,1.000000,1.000000,0.207944,0.197939,0,0
ripgrep-json-statistics,squash,1,0,9,9,1.000000,1.500000,2.000000,0.301065,0.273122,2,1
ripgrep-json-statistics,squash,1,1,9,9,1.000000,1.500000,2.000000,0.281685,0.259542,2,1
ripgrep-json-statistics,squash,1,2,9,9,1.000000,1.500000,2.000000,0.283968,0.323669,2,1
ripgrep-json-statistics,squash,2,0,9,9,1.000000,2.000000,3.000000,0.392142,0.310669,2,1
ripgrep-json-statistics,squash,2,1,9,9,1.000000,2.000000,3.000000,0.342748,0.307184,2,1
ripgrep-json-statistics,squash,2,2,9,9,1.000000,2.000000,3.000000,0.330289,0.298822,2,1
ripgrep-json-statistics,squash,4,0,9,9,1.000000,3.000000,5.000000,0.431081,0.396959,2,1
ripgrep-json-statistics,squash,4,1,9,9,1.000000,3.000000,5.000000,0.433234,0.397901,2,1
ripgrep-json-statistics,squash,4,2,9,9,1.000000,3.000000,5.000000,0.415277,0.436900,2,1
ripgrep-json-statistics,squash,8,0,9,9,1.000000,5.000000,9.000000,0.618254,0.590802,2,1
ripgrep-json-statistics,squash,8,1,9,9,1.000000,5.000000,9.000000,0.631222,0.586785,2,1
ripgrep-json-statistics,squash,8,2,9,9,1.000000,5.000000,9.000000,0.595369,0.603571,2,1
ripgrep-json-statistics,squash,16,0,9,9,1.000000,9.000000,17.000000,1.325852,0.988383,2,1
ripgrep-json-statistics,squash,16,1,9,9,1.000000,9.000000,17.000000,1.110497,1.019559,2,1
ripgrep-json-statistics,squash,16,2,9,9,1.000000,9.000000,17.000000,0.991367,0.998888,2,1
ripgrep-json-statistics,revert,0,0,9,9,1.000000,1.000000,1.000000,0.201093,0.186682,0,0
ripgrep-json-statistics,revert,0,1,9,9,1.000000,1.000000,1.000000,0.194493,0.185470,0,0
ripgrep-json-statistics,revert,0,2,9,9,1.000000,1.000000,1.000000,0.189676,0.198339,0,0
ripgrep-json-statistics,revert,1,0,9,9,1.000000,2.000000,2.000000,0.263698,0.247274,1,1
ripgrep-json-statistics,revert,1,1,9,9,1.000000,2.000000,2.000000,0.272802,0.240503,1,1
ripgrep-json-statistics,revert,1,2,9,9,1.000000,2.000000,2.000000,0.262766,0.236357,1,1
ripgrep-json-statistics,revert,2,0,9,9,1.000000,3.000000,3.000000,0.296007,0.302607,1,1
ripgrep-json-statistics,revert,2,1,9,9,1.000000,3.000000,3.000000,0.296007,0.305391,1,1
ripgrep-json-statistics,revert,2,2,9,9,1.000000,3.000000,3.000000,0.292482,0.299382,1,1
ripgrep-json-statistics,revert,4,0,9,9,1.000000,5.000000,5.000000,0.391381,0.403318,1,1
ripgrep-json-statistics,revert,4,1,9,9,1.000000,5.000000,5.000000,0.393804,0.396549,1,1
ripgrep-json-statistics,revert,4,2,9,9,1.000000,5.000000,5.000000,0.401837,0.388716,1,1
ripgrep-json-statistics,revert,8,0,9,9,1.000000,9.000000,9.000000,0.615630,0.580086,1,1
ripgrep-json-statistics,revert,8,1,9,9,1.000000,9.000000,9.000000,0.587157,0.581117,1,1
ripgrep-json-statistics,revert,8,2,9,9,1.000000,9.000000,9.000000,0.658655,0.598613,1,1
ripgrep-json-statistics,revert,16,0,9,9,1.000000,17.000000,17.000000,0.967781,0.936233,1,1
ripgrep-json-statistics,revert,16,1,9,9,1.000000,17.000000,17.000000,1.011247,1.050386,1,1
ripgrep-json-statistics,revert,16,2,9,9,1.000000,17.000000,17.000000,1.013380,0.951306,1,1
