units,facts,repetition,state_bytes,decode_ms,checker_ms,peak_rss_kib
100,114,0,15762,2.746577,2.486865,95532
100,114,1,15762,2.449078,2.421556,95532
100,114,2,15762,2.448386,2.404850,95532
500,514,0,72188,13.379860,10.725122,96300
500,514,1,72188,10.917563,10.705553,96428
500,514,2,72188,10.908309,10.733875,96428
2000,2013,0,289035,79.868201,42.609460,100268
2000,2013,1,289035,44.117317,42.960680,100268
2000,2013,2,289035,44.452052,46.018126,100268
5000,5013,0,727055,115.766290,152.070430,109484
5000,5013,1,727055,115.155888,114.811427,109560
5000,5013,2,727055,114.878379,114.373426,109688
10000,10013,0,1462056,282.142618,233.215158,123384
10000,10013,1,1462056,236.816006,287.074673,123384
10000,10013,2,1462056,299.458240,235.505307,123412
20000,20013,0,2972060,570.650415,558.670712,155840
20000,20013,1,2972060,608.595845,608.053005,157584
20000,20013,2,2972060,586.340156,576.152836,157584
