sample,repetition,variant,detected,all_witnesses_verified,witness_count,minimum_witness_size,maximum_witness_size,decode_ms
click-pathlike-edit,0,missing-transform-output,1,1,2,2,2,2.694006
click-pathlike-edit,0,conflicting-presentation,1,1,5,2,2,2.403590
click-pathlike-edit,0,unresolved-effect,1,1,1,2,2,2.335372
click-pathlike-edit,0,conflicting-event,1,1,2,2,2,2.380316
click-pathlike-edit,0,invalid-transform,1,1,2,3,3,2.555966
click-pathlike-edit,1,missing-transform-output,1,1,2,2,2,2.322748
click-pathlike-edit,1,conflicting-presentation,1,1,4,2,2,2.309202
click-pathlike-edit,1,unresolved-effect,1,1,1,2,2,2.345982
click-pathlike-edit,1,conflicting-event,1,1,2,2,2,2.295516
click-pathlike-edit,1,invalid-transform,1,1,2,3,3,2.292622
click-pathlike-edit,2,missing-transform-output,1,1,2,2,2,2.273836
click-pathlike-edit,2,conflicting-presentation,1,1,5,2,2,2.361171
click-pathlike-edit,2,unresolved-effect,1,1,1,2,2,2.311717
click-pathlike-edit,2,conflicting-event,1,1,2,2,2,2.399372
click-pathlike-edit,2,invalid-transform,1,1,2,3,3,2.296659
click-pathlike-edit,3,missing-transform-output,1,1,2,2,2,2.262875
click-pathlike-edit,3,conflicting-presentation,1,1,5,2,2,4.235284
click-pathlike-edit,3,unresolved-effect,1,1,1,2,2,2.278324
click-pathlike-edit,3,conflicting-event,1,1,2,2,2,2.285568
click-pathlike-edit,3,invalid-transform,1,1,2,3,3,2.303642
click-pathlike-edit,4,missing-transform-output,1,1,2,2,2,2.359087
click-pathlike-edit,4,conflicting-presentation,1,1,4,2,2,2.334170
click-pathlike-edit,4,unresolved-effect,1,1,1,2,2,2.287732
click-pathlike-edit,4,conflicting-event,1,1,2,2,2,2.278515
click-pathlike-edit,4,invalid-transform,1,1,2,3,3,2.284455
click-pathlike-edit,5,missing-transform-output,1,1,2,2,2,2.256684
click-pathlike-edit,5,conflicting-presentation,1,1,5,2,2,2.357964
click-pathlike-edit,5,unresolved-effect,1,1,1,2,2,2.301428
click-pathlike-edit,5,conflicting-event,1,1,2,2,2,2.322327
click-pathlike-edit,5,invalid-transform,1,1,2,3,3,2.298012
click-pathlike-edit,6,missing-transform-output,1,1,2,2,2,2.334610
click-pathlike-edit,6,conflicting-presentation,1,1,5,2,2,2.418658
click-pathlike-edit,6,unresolved-effect,1,1,1,2,2,2.343066
click-pathlike-edit,6,conflicting-event,1,1,2,2,2,2.331053
click-pathlike-edit,6,invalid-transform,1,1,2,3,3,2.401206
click-pathlike-edit,7,missing-transform-output,1,1,2,2,2,2.301357
click-pathlike-edit,7,conflicting-presentation,1,1,5,2,2,2.377070
click-pathlike-edit,7,unresolved-effect,1,1,1,2,2,2.367903
click-pathlike-edit,7,conflicting-event,1,1,2,2,2,2.376018
click-pathlike-edit,7,invalid-transform,1,1,2,3,3,2.351121
click-pathlike-edit,8,missing-transform-output,1,1,2,2,2,2.339079
click-pathlike-edit,8,conflicting-presentation,1,1,5,2,2,2.354167
click-pathlike-edit,8,unresolved-effect,1,1,1,2,2,2.338758
click-pathlike-edit,8,conflicting-event,1,1,2,2,2,2.411775
click-pathlike-edit,8,invalid-transform,1,1,2,3,3,2.350680
click-pathlike-edit,9,missing-transform-output,1,1,2,2,2,2.399362
click-pathlike-edit,9,conflicting-presentation,1,1,4,2,2,2.376939
click-pathlike-edit,9,unresolved-effect,1,1,1,2,2,2.468221
click-pathlike-edit,9,conflicting-event,1,1,2,2,2,2.334661
click-pathlike-edit,9,invalid-transform,1,1,2,3,3,2.330592
pytest-conftest-blocking,0,missing-transform-output,1,1,2,2,2,1.991946
pytest-conftest-blocking,0,conflicting-presentation,1,1,5,2,2,2.063250
pytest-conftest-blocking,0,unresolved-effect,1,1,1,2,2,2.050225
pytest-conftest-blocking,0,conflicting-event,1,1,2,2,2,2.053131
pytest-conftest-blocking,0,invalid-transform,1,1,2,3,3,2.006793
pytest-conftest-blocking,1,missing-transform-output,1,1,2,2,2,1.996234
pytest-conftest-blocking,1,conflicting-presentation,1,1,5,2,2,2.110182
pytest-conftest-blocking,1,unresolved-effect,1,1,1,2,2,2.045723
pytest-conftest-blocking,1,conflicting-event,1,1,2,2,2,2.033580
pytest-conftest-blocking,1,invalid-transform,1,1,2,3,3,2.003674
pytest-conftest-blocking,2,missing-transform-output,1,1,2,2,2,1.957507
pytest-conftest-blocking,2,conflicting-presentation,1,1,5,2,2,2.047316
pytest-conftest-blocking,2,unresolved-effect,1,1,1,2,2,2.113890
pytest-conftest-blocking,2,conflicting-event,1,1,2,2,2,2.025044
pytest-conftest-blocking,2,invalid-transform,1,1,2,3,3,2.027820
pytest-conftest-blocking,3,missing-transform-output,1,1,2,2,2,2.014214
pytest-conftest-blocking,3,conflicting-presentation,1,1,5,2,2,2.046864
pytest-conftest-blocking,3,unresolved-effect,1,1,1,2,2,2.178482
pytest-conftest-blocking,3,conflicting-event,1,1,2,2,2,2.033259
pytest-conftest-blocking,3,invalid-transform,1,1,2,3,3,2.030133
pytest-conftest-blocking,4,missing-transform-output,1,1,2,2,2,2.014274
pytest-conftest-blocking,4,conflicting-presentation,1,1,5,2,2,2.075679
pytest-conftest-blocking,4,unresolved-effect,1,1,1,2,2,2.045413
pytest-conftest-blocking,4,conflicting-event,1,1,2,2,2,2.026978
pytest-conftest-blocking,4,invalid-transform,1,1,2,3,3,2.408533
pytest-conftest-blocking,5,missing-transform-output,1,1,2,2,2,1.983446
pytest-conftest-blocking,5,conflicting-presentation,1,1,5,2,2,2.042086
pytest-conftest-blocking,5,unresolved-effect,1,1,1,2,2,2.072403
pytest-conftest-blocking,5,conflicting-event,1,1,2,2,2,2.014004
pytest-conftest-blocking,5,invalid-transform,1,1,2,3,3,2.025445
pytest-conftest-blocking,6,missing-transform-output,1,1,2,2,2,2.000939
pytest-conftest-blocking,6,conflicting-presentation,1,1,5,2,2,2.055341
pytest-conftest-blocking,6,unresolved-effect,1,1,1,2,2,2.052155
pytest-conftest-blocking,6,conflicting-event,1,1,2,2,2,2.032548
pytest-conftest-blocking,6,invalid-transform,1,1,2,3,3,2.021599
pytest-conftest-blocking,7,missing-transform-output,1,1,2,2,2,1.994737
pytest-conftest-blocking,7,conflicting-presentation,1,1,5,2,2,2.086720
pytest-conftest-blocking,7,unresolved-effect,1,1,1,2,2,2.048659
pytest-conftest-blocking,7,conflicting-event,1,1,2,2,2,2.020716
pytest-conftest-blocking,7,invalid-transform,1,1,2,3,3,2.024814
pytest-conftest-blocking,8,missing-transform-output,1,1,2,2,2,1.988015
pytest-conftest-blocking,8,conflicting-presentation,1,1,5,2,2,2.067714
pytest-conftest-blocking,8,unresolved-effect,1,1,1,2,2,2.044961
pytest-conftest-blocking,8,conflicting-event,1,1,2,2,2,2.035955
pytest-conftest-blocking,8,invalid-transform,1,1,2,3,3,2.031416
pytest-conftest-blocking,9,missing-transform-output,1,1,2,2,2,2.004907
pytest-conftest-blocking,9,conflicting-presentation,1,1,5,2,2,2.035103
pytest-conftest-blocking,9,unresolved-effect,1,1,1,2,2,2.154967
pytest-conftest-blocking,9,conflicting-event,1,1,2,2,2,2.665173
pytest-conftest-blocking,9,invalid-transform,1,1,2,3,3,2.047256
requests-pytest-compatibility,0,missing-transform-output,1,1,2,2,2,1.082809
requests-pytest-compatibility,0,conflicting-presentation,1,1,4,2,2,1.115300
requests-pytest-compatibility,0,unresolved-effect,1,1,1,2,2,1.089341
requests-pytest-compatibility,0,conflicting-event,1,1,2,2,2,1.120670
requests-pytest-compatibility,0,invalid-transform,1,1,2,3,3,1.098478
requests-pytest-compatibility,1,missing-transform-output,1,1,2,2,2,1.125008
requests-pytest-compatibility,1,conflicting-presentation,1,1,4,2,2,1.186372
requests-pytest-compatibility,1,unresolved-effect,1,1,1,2,2,1.145456
requests-pytest-compatibility,1,conflicting-event,1,1,2,2,2,1.150175
requests-pytest-compatibility,1,invalid-transform,1,1,2,3,3,1.149553
requests-pytest-compatibility,2,missing-transform-output,1,1,2,2,2,1.180061
requests-pytest-compatibility,2,conflicting-presentation,1,1,4,2,2,1.233441
requests-pytest-compatibility,2,unresolved-effect,1,1,1,2,2,1.234172
requests-pytest-compatibility,2,conflicting-event,1,1,2,2,2,1.254280
requests-pytest-compatibility,2,invalid-transform,1,1,2,3,3,1.340281
requests-pytest-compatibility,3,missing-transform-output,1,1,2,2,2,1.232839
requests-pytest-compatibility,3,conflicting-presentation,1,1,4,2,2,1.253178
requests-pytest-compatibility,3,unresolved-effect,1,1,1,2,2,1.213444
requests-pytest-compatibility,3,conflicting-event,1,1,2,2,2,1.238040
requests-pytest-compatibility,3,invalid-transform,1,1,2,3,3,1.230686
requests-pytest-compatibility,4,missing-transform-output,1,1,2,2,2,1.199838
requests-pytest-compatibility,4,conflicting-presentation,1,1,4,2,2,1.262505
requests-pytest-compatibility,4,unresolved-effect,1,1,1,2,2,1.218583
requests-pytest-compatibility,4,conflicting-event,1,1,2,2,2,1.265772
requests-pytest-compatibility,4,invalid-transform,1,1,2,3,3,1.287863
requests-pytest-compatibility,5,missing-transform-output,1,1,2,2,2,1.205719
requests-pytest-compatibility,5,conflicting-presentation,1,1,4,2,2,1.250773
requests-pytest-compatibility,5,unresolved-effect,1,1,1,2,2,1.245564
requests-pytest-compatibility,5,conflicting-event,1,1,2,2,2,1.238961
requests-pytest-compatibility,5,invalid-transform,1,1,2,3,3,1.241506
requests-pytest-compatibility,6,missing-transform-output,1,1,2,2,2,1.204357
requests-pytest-compatibility,6,conflicting-presentation,1,1,4,2,2,1.261874
requests-pytest-compatibility,6,unresolved-effect,1,1,1,2,2,1.218944
requests-pytest-compatibility,6,conflicting-event,1,1,2,2,2,1.236968
requests-pytest-compatibility,6,invalid-transform,1,1,2,3,3,1.238080
requests-pytest-compatibility,7,missing-transform-output,1,1,2,2,2,1.228712
requests-pytest-compatibility,7,conflicting-presentation,1,1,4,2,2,1.282763
requests-pytest-compatibility,7,unresolved-effect,1,1,1,2,2,1.208775
requests-pytest-compatibility,7,conflicting-event,1,1,2,2,2,1.243791
requests-pytest-compatibility,7,invalid-transform,1,1,2,3,3,1.225566
requests-pytest-compatibility,8,missing-transform-output,1,1,2,2,2,1.192875
requests-pytest-compatibility,8,conflicting-presentation,1,1,4,2,2,1.316948
requests-pytest-compatibility,8,unresolved-effect,1,1,1,2,2,1.201371
requests-pytest-compatibility,8,conflicting-event,1,1,2,2,2,1.251905
requests-pytest-compatibility,8,invalid-transform,1,1,2,3,3,1.214856
requests-pytest-compatibility,9,missing-transform-output,1,1,2,2,2,1.183678
requests-pytest-compatibility,9,conflicting-presentation,1,1,4,2,2,1.257787
requests-pytest-compatibility,9,unresolved-effect,1,1,1,2,2,1.226698
requests-pytest-compatibility,9,conflicting-event,1,1,2,2,2,1.253438
requests-pytest-compatibility,9,invalid-transform,1,1,2,3,3,1.218974
httpx-client-certificate-path,0,missing-transform-output,1,1,2,2,2,1.221720
httpx-client-certificate-path,0,conflicting-presentation,1,1,4,2,2,1.234633
httpx-client-certificate-path,0,unresolved-effect,1,1,1,2,2,1.244512
httpx-client-certificate-path,0,conflicting-event,1,1,2,2,2,1.229193
httpx-client-certificate-path,0,invalid-transform,1,1,2,3,3,1.262645
httpx-client-certificate-path,1,missing-transform-output,1,1,2,2,2,1.197825
httpx-client-certificate-path,1,conflicting-presentation,1,1,4,2,2,1.255051
httpx-client-certificate-path,1,unresolved-effect,1,1,1,2,2,1.203986
httpx-client-certificate-path,1,conflicting-event,1,1,2,2,2,1.225025
httpx-client-certificate-path,1,invalid-transform,1,1,2,3,3,1.273336
httpx-client-certificate-path,2,missing-transform-output,1,1,2,2,2,1.203084
httpx-client-certificate-path,2,conflicting-presentation,1,1,4,2,2,1.254109
httpx-client-certificate-path,2,unresolved-effect,1,1,1,2,2,1.255242
httpx-client-certificate-path,2,conflicting-event,1,1,2,2,2,1.248470
httpx-client-certificate-path,2,invalid-transform,1,1,2,3,3,1.235875
httpx-client-certificate-path,3,missing-transform-output,1,1,2,2,2,1.189839
httpx-client-certificate-path,3,conflicting-presentation,1,1,4,2,2,1.275620
httpx-client-certificate-path,3,unresolved-effect,1,1,1,2,2,1.283976
httpx-client-certificate-path,3,conflicting-event,1,1,2,2,2,1.230276
httpx-client-certificate-path,3,invalid-transform,1,1,2,3,3,1.301508
httpx-client-certificate-path,4,missing-transform-output,1,1,2,2,2,1.188156
httpx-client-certificate-path,4,conflicting-presentation,1,1,4,2,2,1.278405
httpx-client-certificate-path,4,unresolved-effect,1,1,1,2,2,1.208094
httpx-client-certificate-path,4,conflicting-event,1,1,2,2,2,1.246756
httpx-client-certificate-path,4,invalid-transform,1,1,2,3,3,1.210248
httpx-client-certificate-path,5,missing-transform-output,1,1,2,2,2,1.198827
httpx-client-certificate-path,5,conflicting-presentation,1,1,4,2,2,1.254660
httpx-client-certificate-path,5,unresolved-effect,1,1,1,2,2,1.208755
httpx-client-certificate-path,5,conflicting-event,1,1,2,2,2,1.234843
httpx-client-certificate-path,5,invalid-transform,1,1,2,3,3,1.226087
httpx-client-certificate-path,6,missing-transform-output,1,1,2,2,2,1.204217
httpx-client-certificate-path,6,conflicting-presentation,1,1,4,2,2,1.312158
httpx-client-certificate-path,6,unresolved-effect,1,1,1,2,2,1.205018
httpx-client-certificate-path,6,conflicting-event,1,1,2,2,2,1.231006
httpx-client-certificate-path,6,invalid-transform,1,1,2,3,3,1.278004
httpx-client-certificate-path,7,missing-transform-output,1,1,2,2,2,1.249241
httpx-client-certificate-path,7,conflicting-presentation,1,1,4,2,2,1.287963
httpx-client-certificate-path,7,unresolved-effect,1,1,1,2,2,1.216699
httpx-client-certificate-path,7,conflicting-event,1,1,2,2,2,1.254761
httpx-client-certificate-path,7,invalid-transform,1,1,2,3,3,1.223913
httpx-client-certificate-path,8,missing-transform-output,1,1,2,2,2,1.189889
httpx-client-certificate-path,8,conflicting-presentation,1,1,4,2,2,1.249642
httpx-client-certificate-path,8,unresolved-effect,1,1,1,2,2,1.212402
httpx-client-certificate-path,8,conflicting-event,1,1,2,2,2,1.248910
httpx-client-certificate-path,8,invalid-transform,1,1,2,3,3,1.294175
httpx-client-certificate-path,9,missing-transform-output,1,1,2,2,2,1.199237
httpx-client-certificate-path,9,conflicting-presentation,1,1,4,2,2,1.249050
httpx-client-certificate-path,9,unresolved-effect,1,1,1,2,2,1.233741
httpx-client-certificate-path,9,conflicting-event,1,1,2,2,2,1.240675
httpx-client-certificate-path,9,invalid-transform,1,1,2,3,3,1.215488
django-reverse-test-sequence,0,missing-transform-output,1,1,2,2,2,0.850434
django-reverse-test-sequence,0,conflicting-presentation,1,1,4,2,2,0.887964
django-reverse-test-sequence,0,unresolved-effect,1,1,1,2,2,0.863909
django-reverse-test-sequence,0,conflicting-event,1,1,2,2,2,0.848209
django-reverse-test-sequence,0,invalid-transform,1,1,2,3,3,0.884487
django-reverse-test-sequence,1,missing-transform-output,1,1,2,2,2,0.848780
django-reverse-test-sequence,1,conflicting-presentation,1,1,4,2,2,0.916567
django-reverse-test-sequence,1,unresolved-effect,1,1,1,2,2,0.869639
django-reverse-test-sequence,1,conflicting-event,1,1,2,2,2,0.880881
django-reverse-test-sequence,1,invalid-transform,1,1,2,3,3,0.856164
django-reverse-test-sequence,2,missing-transform-output,1,1,2,2,2,0.848880
django-reverse-test-sequence,2,conflicting-presentation,1,1,4,2,2,0.897421
django-reverse-test-sequence,2,unresolved-effect,1,1,1,2,2,0.846526
django-reverse-test-sequence,2,conflicting-event,1,1,2,2,2,0.864721
django-reverse-test-sequence,2,invalid-transform,1,1,2,3,3,0.874268
django-reverse-test-sequence,3,missing-transform-output,1,1,2,2,2,0.847448
django-reverse-test-sequence,3,conflicting-presentation,1,1,4,2,2,0.902771
django-reverse-test-sequence,3,unresolved-effect,1,1,1,2,2,0.858107
django-reverse-test-sequence,3,conflicting-event,1,1,2,2,2,0.964998
django-reverse-test-sequence,3,invalid-transform,1,1,2,3,3,0.864991
django-reverse-test-sequence,4,missing-transform-output,1,1,2,2,2,0.839232
django-reverse-test-sequence,4,conflicting-presentation,1,1,4,2,2,0.868417
django-reverse-test-sequence,4,unresolved-effect,1,1,1,2,2,0.863628
django-reverse-test-sequence,4,conflicting-event,1,1,2,2,2,0.872074
django-reverse-test-sequence,4,invalid-transform,1,1,2,3,3,0.862636
django-reverse-test-sequence,5,missing-transform-output,1,1,2,2,2,0.820518
django-reverse-test-sequence,5,conflicting-presentation,1,1,4,2,2,0.899255
django-reverse-test-sequence,5,unresolved-effect,1,1,1,2,2,0.864670
django-reverse-test-sequence,5,conflicting-event,1,1,2,2,2,0.894957
django-reverse-test-sequence,5,invalid-transform,1,1,2,3,3,0.935232
django-reverse-test-sequence,6,missing-transform-output,1,1,2,2,2,0.847899
django-reverse-test-sequence,6,conflicting-presentation,1,1,4,2,2,0.920394
django-reverse-test-sequence,6,unresolved-effect,1,1,1,2,2,0.837629
django-reverse-test-sequence,6,conflicting-event,1,1,2,2,2,0.877744
django-reverse-test-sequence,6,invalid-transform,1,1,2,3,3,0.891240
django-reverse-test-sequence,7,missing-transform-output,1,1,2,2,2,0.808785
django-reverse-test-sequence,7,conflicting-presentation,1,1,4,2,2,0.894856
django-reverse-test-sequence,7,unresolved-effect,1,1,1,2,2,0.860553
django-reverse-test-sequence,7,conflicting-event,1,1,2,2,2,0.881251
django-reverse-test-sequence,7,invalid-transform,1,1,2,3,3,0.869389
django-reverse-test-sequence,8,missing-transform-output,1,1,2,2,2,0.839012
django-reverse-test-sequence,8,conflicting-presentation,1,1,4,2,2,0.902280
django-reverse-test-sequence,8,unresolved-effect,1,1,1,2,2,0.863588
django-reverse-test-sequence,8,conflicting-event,1,1,2,2,2,0.911748
django-reverse-test-sequence,8,invalid-transform,1,1,2,3,3,0.854261
django-reverse-test-sequence,9,missing-transform-output,1,1,2,2,2,0.858418
django-reverse-test-sequence,9,conflicting-presentation,1,1,4,2,2,0.897211
django-reverse-test-sequence,9,unresolved-effect,1,1,1,2,2,0.860082
django-reverse-test-sequence,9,conflicting-event,1,1,2,2,2,0.892302
django-reverse-test-sequence,9,invalid-transform,1,1,2,3,3,0.875350
fastapi-metadata-typo,0,missing-transform-output,1,1,2,2,2,0.831238
fastapi-metadata-typo,0,conflicting-presentation,1,1,4,2,2,0.890569
fastapi-metadata-typo,0,unresolved-effect,1,1,1,2,2,0.866103
fastapi-metadata-typo,0,conflicting-event,1,1,2,2,2,0.888835
fastapi-metadata-typo,0,invalid-transform,1,1,2,3,3,0.862426
fastapi-metadata-typo,1,missing-transform-output,1,1,2,2,2,0.842198
fastapi-metadata-typo,1,conflicting-presentation,1,1,4,2,2,0.905506
fastapi-metadata-typo,1,unresolved-effect,1,1,1,2,2,0.833793
fastapi-metadata-typo,1,conflicting-event,1,1,2,2,2,0.872004
fastapi-metadata-typo,1,invalid-transform,1,1,2,3,3,0.873627
fastapi-metadata-typo,2,missing-transform-output,1,1,2,2,2,0.842809
fastapi-metadata-typo,2,conflicting-presentation,1,1,4,2,2,0.897581
fastapi-metadata-typo,2,unresolved-effect,1,1,1,2,2,0.861454
fastapi-metadata-typo,2,conflicting-event,1,1,2,2,2,0.856986
fastapi-metadata-typo,2,invalid-transform,1,1,2,3,3,0.861334
fastapi-metadata-typo,3,missing-transform-output,1,1,2,2,2,0.835816
fastapi-metadata-typo,3,conflicting-presentation,1,1,4,2,2,0.893724
fastapi-metadata-typo,3,unresolved-effect,1,1,1,2,2,0.860903
fastapi-metadata-typo,3,conflicting-event,1,1,2,2,2,0.885890
fastapi-metadata-typo,3,invalid-transform,1,1,2,3,3,0.844653
fastapi-metadata-typo,4,missing-transform-output,1,1,2,2,2,0.835225
fastapi-metadata-typo,4,conflicting-presentation,1,1,4,2,2,0.893423
fastapi-metadata-typo,4,unresolved-effect,1,1,1,2,2,0.879828
fastapi-metadata-typo,4,conflicting-event,1,1,2,2,2,0.873617
fastapi-metadata-typo,4,invalid-transform,1,1,2,3,3,0.860512
fastapi-metadata-typo,5,missing-transform-output,1,1,2,2,2,0.863278
fastapi-metadata-typo,5,conflicting-presentation,1,1,4,2,2,0.885689
fastapi-metadata-typo,5,unresolved-effect,1,1,1,2,2,0.856595
fastapi-metadata-typo,5,conflicting-event,1,1,2,2,2,0.880130
fastapi-metadata-typo,5,invalid-transform,1,1,2,3,3,0.868668
fastapi-metadata-typo,6,missing-transform-output,1,1,2,2,2,0.858980
fastapi-metadata-typo,6,conflicting-presentation,1,1,4,2,2,0.895858
fastapi-metadata-typo,6,unresolved-effect,1,1,1,2,2,0.854101
fastapi-metadata-typo,6,conflicting-event,1,1,2,2,2,0.871984
fastapi-metadata-typo,6,invalid-transform,1,1,2,3,3,0.837820
fastapi-metadata-typo,7,missing-transform-output,1,1,2,2,2,0.838932
fastapi-metadata-typo,7,conflicting-presentation,1,1,4,2,2,0.901408
fastapi-metadata-typo,7,unresolved-effect,1,1,1,2,2,0.909444
fastapi-metadata-typo,7,conflicting-event,1,1,2,2,2,0.873767
fastapi-metadata-typo,7,invalid-transform,1,1,2,3,3,0.862997
fastapi-metadata-typo,8,missing-transform-output,1,1,2,2,2,0.825557
fastapi-metadata-typo,8,conflicting-presentation,1,1,4,2,2,0.898252
fastapi-metadata-typo,8,unresolved-effect,1,1,1,2,2,0.910255
fastapi-metadata-typo,8,conflicting-event,1,1,2,2,2,0.881592
fastapi-metadata-typo,8,invalid-transform,1,1,2,3,3,0.854932
fastapi-metadata-typo,9,missing-transform-output,1,1,2,2,2,0.842539
fastapi-metadata-typo,9,conflicting-presentation,1,1,4,2,2,0.887383
fastapi-metadata-typo,9,unresolved-effect,1,1,1,2,2,0.844793
fastapi-metadata-typo,9,conflicting-event,1,1,2,2,2,0.893704
fastapi-metadata-typo,9,invalid-transform,1,1,2,3,3,0.865271
serde-json-buffered-reader,0,missing-transform-output,1,1,2,2,2,0.812121
serde-json-buffered-reader,0,conflicting-presentation,1,1,4,2,2,0.896830
serde-json-buffered-reader,0,unresolved-effect,1,1,1,2,2,0.862796
serde-json-buffered-reader,0,conflicting-event,1,1,2,2,2,0.881472
serde-json-buffered-reader,0,invalid-transform,1,1,2,3,3,0.962133
serde-json-buffered-reader,1,missing-transform-output,1,1,2,2,2,0.843801
serde-json-buffered-reader,1,conflicting-presentation,1,1,4,2,2,0.891520
serde-json-buffered-reader,1,unresolved-effect,1,1,1,2,2,0.835526
serde-json-buffered-reader,1,conflicting-event,1,1,2,2,2,0.885239
serde-json-buffered-reader,1,invalid-transform,1,1,2,3,3,0.863558
serde-json-buffered-reader,2,missing-transform-output,1,1,2,2,2,0.804717
serde-json-buffered-reader,2,conflicting-presentation,1,1,4,2,2,0.896681
serde-json-buffered-reader,2,unresolved-effect,1,1,1,2,2,0.851946
serde-json-buffered-reader,2,conflicting-event,1,1,2,2,2,0.878506
serde-json-buffered-reader,2,invalid-transform,1,1,2,3,3,0.858498
serde-json-buffered-reader,3,missing-transform-output,1,1,2,2,2,0.839122
serde-json-buffered-reader,3,conflicting-presentation,1,1,4,2,2,0.911198
serde-json-buffered-reader,3,unresolved-effect,1,1,1,2,2,0.861815
serde-json-buffered-reader,3,conflicting-event,1,1,2,2,2,0.881301
serde-json-buffered-reader,3,invalid-transform,1,1,2,3,3,0.846686
serde-json-buffered-reader,4,missing-transform-output,1,1,2,2,2,0.842338
serde-json-buffered-reader,4,conflicting-presentation,1,1,4,2,2,0.893244
serde-json-buffered-reader,4,unresolved-effect,1,1,1,2,2,0.903593
serde-json-buffered-reader,4,conflicting-event,1,1,2,2,2,0.890619
serde-json-buffered-reader,4,invalid-transform,1,1,2,3,3,0.878315
serde-json-buffered-reader,5,missing-transform-output,1,1,2,2,2,0.829875
serde-json-buffered-reader,5,conflicting-presentation,1,1,4,2,2,0.892502
serde-json-buffered-reader,5,unresolved-effect,1,1,1,2,2,0.854391
serde-json-buffered-reader,5,conflicting-event,1,1,2,2,2,0.885790
serde-json-buffered-reader,5,invalid-transform,1,1,2,3,3,0.854612
serde-json-buffered-reader,6,missing-transform-output,1,1,2,2,2,0.846245
serde-json-buffered-reader,6,conflicting-presentation,1,1,4,2,2,0.891941
serde-json-buffered-reader,6,unresolved-effect,1,1,1,2,2,0.843831
serde-json-buffered-reader,6,conflicting-event,1,1,2,2,2,0.881562
serde-json-buffered-reader,6,invalid-transform,1,1,2,3,3,0.843350
serde-json-buffered-reader,7,missing-transform-output,1,1,2,2,2,0.827541
serde-json-buffered-reader,7,conflicting-presentation,1,1,4,2,2,0.909334
serde-json-buffered-reader,7,unresolved-effect,1,1,1,2,2,0.907490
serde-json-buffered-reader,7,conflicting-event,1,1,2,2,2,0.864339
serde-json-buffered-reader,7,invalid-transform,1,1,2,3,3,0.860522
serde-json-buffered-reader,8,missing-transform-output,1,1,2,2,2,0.829174
serde-json-buffered-reader,8,conflicting-presentation,1,1,4,2,2,0.894886
serde-json-buffered-reader,8,unresolved-effect,1,1,1,2,2,0.856946
serde-json-buffered-reader,8,conflicting-event,1,1,2,2,2,0.884106
serde-json-buffered-reader,8,invalid-transform,1,1,2,3,3,0.863347
serde-json-buffered-reader,9,missing-transform-output,1,1,2,2,2,0.827551
serde-json-buffered-reader,9,conflicting-presentation,1,1,4,2,2,0.868527
serde-json-buffered-reader,9,unresolved-effect,1,1,1,2,2,0.830415
serde-json-buffered-reader,9,conflicting-event,1,1,2,2,2,0.875681
serde-json-buffered-reader,9,invalid-transform,1,1,2,3,3,0.856955
ripgrep-json-statistics,0,missing-transform-output,1,1,2,2,2,1.197934
ripgrep-json-statistics,0,conflicting-presentation,1,1,4,2,2,1.238260
ripgrep-json-statistics,0,unresolved-effect,1,1,1,2,2,1.244892
ripgrep-json-statistics,0,conflicting-event,1,1,2,2,2,1.242037
ripgrep-json-statistics,0,invalid-transform,1,1,2,3,3,1.216069
ripgrep-json-statistics,1,missing-transform-output,1,1,2,2,2,1.214786
ripgrep-json-statistics,1,conflicting-presentation,1,1,4,2,2,1.244412
ripgrep-json-statistics,1,unresolved-effect,1,1,1,2,2,1.233972
ripgrep-json-statistics,1,conflicting-event,1,1,2,2,2,1.255824
ripgrep-json-statistics,1,invalid-transform,1,1,2,3,3,1.240414
ripgrep-json-statistics,2,missing-transform-output,1,1,2,2,2,1.211130
ripgrep-json-statistics,2,conflicting-presentation,1,1,4,2,2,1.252097
ripgrep-json-statistics,2,unresolved-effect,1,1,1,2,2,1.286380
ripgrep-json-statistics,2,conflicting-event,1,1,2,2,2,1.446040
ripgrep-json-statistics,2,invalid-transform,1,1,2,3,3,1.226067
ripgrep-json-statistics,3,missing-transform-output,1,1,2,2,2,1.194228
ripgrep-json-statistics,3,conflicting-presentation,1,1,4,2,2,1.253718
ripgrep-json-statistics,3,unresolved-effect,1,1,1,2,2,1.217731
ripgrep-json-statistics,3,conflicting-event,1,1,2,2,2,1.249631
ripgrep-json-statistics,3,invalid-transform,1,1,2,3,3,1.237047
ripgrep-json-statistics,4,missing-transform-output,1,1,2,2,2,1.227430
ripgrep-json-statistics,4,conflicting-presentation,1,1,4,2,2,1.260702
ripgrep-json-statistics,4,unresolved-effect,1,1,1,2,2,1.225386
ripgrep-json-statistics,4,conflicting-event,1,1,2,2,2,1.225727
ripgrep-json-statistics,4,invalid-transform,1,1,2,3,3,1.218944
ripgrep-json-statistics,5,missing-transform-output,1,1,2,2,2,1.202052
ripgrep-json-statistics,5,conflicting-presentation,1,1,4,2,2,1.273987
ripgrep-json-statistics,5,unresolved-effect,1,1,1,2,2,1.312800
ripgrep-json-statistics,5,conflicting-event,1,1,2,2,2,1.225507
ripgrep-json-statistics,5,invalid-transform,1,1,2,3,3,1.225056
ripgrep-json-statistics,6,missing-transform-output,1,1,2,2,2,1.646666
ripgrep-json-statistics,6,conflicting-presentation,1,1,4,2,2,1.562697
ripgrep-json-statistics,6,unresolved-effect,1,1,1,2,2,1.250463
ripgrep-json-statistics,6,conflicting-event,1,1,2,2,2,1.251444
ripgrep-json-statistics,6,invalid-transform,1,1,2,3,3,1.849576
ripgrep-json-statistics,7,missing-transform-output,1,1,2,2,2,1.204567
ripgrep-json-statistics,7,conflicting-presentation,1,1,4,2,2,1.252347
ripgrep-json-statistics,7,unresolved-effect,1,1,1,2,2,1.218323
ripgrep-json-statistics,7,conflicting-event,1,1,2,2,2,1.267725
ripgrep-json-statistics,7,invalid-transform,1,1,2,3,3,1.206981
ripgrep-json-statistics,8,missing-transform-output,1,1,2,2,2,1.203715
ripgrep-json-statistics,8,conflicting-presentation,1,1,4,2,2,1.273977
ripgrep-json-statistics,8,unresolved-effect,1,1,1,2,2,1.204267
ripgrep-json-statistics,8,conflicting-event,1,1,2,2,2,1.236667
ripgrep-json-statistics,8,invalid-transform,1,1,2,3,3,1.225095
ripgrep-json-statistics,9,missing-transform-output,1,1,2,2,2,1.233461
ripgrep-json-statistics,9,conflicting-presentation,1,1,4,2,2,1.341113
ripgrep-json-statistics,9,unresolved-effect,1,1,1,2,2,1.221749
ripgrep-json-statistics,9,conflicting-event,1,1,2,2,2,1.234523
ripgrep-json-statistics,9,invalid-transform,1,1,2,3,3,1.226048
