units,facts,repetition,state_bytes,decode_ms,checker_ms,peak_rss_kib
100,114,0,15762,4.644242,4.343869,19012
100,114,1,15762,4.329031,4.248300,19012
100,114,2,15762,4.380037,4.267726,19012
500,514,0,72188,20.508326,19.156453,19908
500,514,1,72188,19.614772,19.230641,19908
500,514,2,72188,19.678258,18.979732,19908
2000,2013,0,289035,81.595552,75.616269,23620
2000,2013,1,289035,77.617718,77.112001,23640
2000,2013,2,289035,78.004974,78.883380,23668
5000,5013,0,727055,200.738224,199.940730,32644
5000,5013,1,727055,211.116579,209.710765,32764
5000,5013,2,727055,210.136413,205.191157,32764
10000,10013,0,1462056,430.315853,404.114681,46500
10000,10013,1,1462056,416.008085,414.114927,46500
10000,10013,2,1462056,427.306880,422.748673,46540
20000,20013,0,2972060,911.444812,913.121241,77828
20000,20013,1,2972060,926.615925,929.361738,77828
20000,20013,2,2972060,964.831499,937.949945,77828
